# Bengali drafts for strings the legacy app lacks: machine-drafted, not reviewed by a native speaker.
title_accounts	অ্যাকাউন্ট
title_new_collection	নতুন সংগ্রহ
action_retry	আবার চেষ্টা করুন
action_read	%1$s পড়ুন
action_mark_finished	সমাপ্ত হিসাবে চিহ্নিত করুন
choose_library	লাইব্রেরি বেছে নিন
all_titles	সব শিরোনাম
all_podcasts	সব পডকাস্ট
filter	ফিল্টার
sort	সাজান
theme_system	সিস্টেম
screen_orientation	স্ক্রিনের ওরিয়েন্টেশন
jump_forward	সামনে যান
jump_back	পিছনে যান
set_settings_not_saved	এই ডিভাইসে সেটিংস সংরক্ষণ করা যায়নি, তাই কিছুই পরিবর্তন হয়নি। কিছু স্টোরেজ খালি করে আবার চেষ্টা করুন।
set_orientation_follow_device	ডিভাইস অনুসরণ করুন
set_orientation_portrait	পোর্ট্রেট
set_orientation_landscape	ল্যান্ডস্কেপ
set_haptic_light	হালকা
set_rewind_on_resume	আবার চালু করলে একটু পিছিয়ে দিন
set_rewind_on_resume_detail	বিরতির পরে কয়েক সেকেন্ড পিছিয়ে যায়, দীর্ঘ বিরতির পরে আরও বেশি।
set_seek_system_controls	সিস্টেম নিয়ন্ত্রণ থেকে অবস্থান পরিবর্তন
set_seek_system_controls_detail	লক স্ক্রিন ও বিজ্ঞপ্তি থেকে অবস্থান বার সরানো যায়।
set_mp3_index_seeking	নির্ভুল MP3 অবস্থান খোঁজা
set_mp3_index_seeking_detail	অনির্ভরযোগ্য দৈর্ঘ্যের MP3 ফাইলের জন্য একটি সূচী তৈরি করে। অবস্থান খোঁজা শুরু হতে বেশি সময় লাগে।
set_shake_to_reset	ঝাঁকিয়ে রিসেট করুন
set_shake_to_reset_detail	টাইমার চলার সময় ফোন ঝাঁকালে টাইমার আবার শুরু হয়।
set_sleep_fade_out	ধীরে ধীরে শব্দ কমানো
set_sleep_fade_out_detail	শেষ মিনিটে ভলিউম কমিয়ে দেয়।
set_vibrate_on_reset	রিসেট করার সময় কম্পন
set_auto_sleep_timer_detail	%1$s থেকে %2$s এর মধ্যে চালালে টাইমার শুরু হয়।
set_heading_mobile_data	মোবাইল ডেটা
set_storage	স্টোরেজ
set_heading_support	সহায়তা
set_diagnostics	ডায়াগনস্টিকস
set_something_went_wrong	কিছু একটা ভুল হয়েছে।
set_statistics_unavailable	পরিসংখ্যান পাওয়া যাচ্ছে না
set_try_again	আবার চেষ্টা করুন
set_minutes_listened:one	%1$d মিনিট শোনা হয়েছে
set_minutes_listened:other	%1$d মিনিট শোনা হয়েছে
set_days_listened:one	%1$d দিন শোনা হয়েছে
set_days_listened:other	%1$d দিন শোনা হয়েছে
set_titles_finished:one	%1$dটি শিরোনাম সমাপ্ত
set_titles_finished:other	%1$dটি শিরোনাম সমাপ্ত
set_day_minutes_listened:one	%1$s, %2$d মিনিট শোনা হয়েছে
set_day_minutes_listened:other	%1$s, %2$d মিনিট শোনা হয়েছে
set_set_aside_failed	সরিয়ে রাখা যায়নি। আবার চেষ্টা করুন।
set_connection	সংযোগ
set_diagnostics_area_media	মিডিয়া
set_diagnostics_area_sync	সিঙ্ক
set_unreadable_resets_title	সংরক্ষিত অগ্রগতি বাতিলের তথ্য পড়া যায়নি
set_unreadable_resets_detail	যেকোনো শিরোনাম এর মধ্যে থাকতে পারে, তাই আপনি সিদ্ধান্ত না নেওয়া পর্যন্ত কিছুই চলবে না এবং কোনো পড়ার অবস্থান পাঠানো হবে না। সরিয়ে রাখলে ফাইলটি এই ডিভাইসে থাকে, এবং যে অগ্রগতি বাতিল হওয়ার কথা ছিল তা আপনার সার্ভারে থেকে যায়।
set_set_them_aside	সেগুলো সরিয়ে রাখুন
set_listening_storage_title	অ্যাপ বন্ধ হওয়ার আগের শোনার তথ্য সংরক্ষণ করা যায়নি
set_listening_storage_detail	এই ডিভাইসের স্টোরেজ উপলব্ধ নেই বা পূর্ণ। এটি সংরক্ষিত না হওয়া পর্যন্ত কিছুই চলবে না এবং কোনো শোনার তথ্য পাঠানো হবে না; ততক্ষণ এটি রাখা থাকবে।
set_unreadable_writes_title	উত্তর না পাওয়া অগ্রগতি সংরক্ষণের রেকর্ড পড়া যায়নি
set_unreadable_writes_detail	যেকোনো শিরোনামের একটি সংরক্ষণ এখনও আপনার সার্ভারে পৌঁছাতে পারে, তাই আপনি সিদ্ধান্ত না নেওয়া পর্যন্ত কোনো শোনা বা পড়ার তথ্য পাঠানো হবে না এবং কোনো অগ্রগতি বাতিল হবে না। সরিয়ে রাখলে ফাইলটি এই ডিভাইসে থাকে; তখন দেরিতে আসা কোনো সংরক্ষণ আপনার বাতিল করা অগ্রগতি ফিরিয়ে আনতে পারে।
set_diagnostics_server	সার্ভার %1$s
set_diagnostics_signed_in_as	%1$s হিসাবে সাইন ইন করা আছে
set_diagnostics_app_version	অ্যাপ %1$s
set_recent_problems	সাম্প্রতিক সমস্যা
set_clear	মুছে ফেলুন
set_no_problems	এই ডিভাইসে কোনো সমস্যা রেকর্ড করা হয়নি।
set_unreadable_writes_confirm_title	অপাঠযোগ্য রেকর্ড সরিয়ে রাখবেন?
set_unreadable_writes_confirm_detail	শোনা ও পড়ার অবস্থান আবার পাঠানো হবে এবং বাতিলগুলো এগিয়ে যেতে পারবে।
set_set_aside	সরিয়ে রাখুন
set_unreadable_resets_confirm_title	অপাঠযোগ্য বাতিলের তথ্য সরিয়ে রাখবেন?
set_unreadable_resets_confirm_detail	শিরোনামগুলো চলবে এবং পড়ার অবস্থান আবার পাঠানো হবে। যে শিরোনাম আপনি এখনও শুরু থেকে শুরু করতে চান, তার অগ্রগতি আবার বাতিল করুন।
set_signed_in	সাইন ইন করা আছে
set_other_accounts	অন্যান্য অ্যাকাউন্ট
set_server_sign_in_required	%1$s · সাইন ইন প্রয়োজন
set_remove_account	%1$s সরান
set_switch_to_account	এই অ্যাকাউন্টে যান
set_add_account	অ্যাকাউন্ট যোগ করুন
set_sign_out_of	%1$s থেকে সাইন আউট করুন
set_sign_out_detail	এই অ্যাকাউন্টটি ডিভাইস থেকে সরিয়ে দেয়। আবার সাইন ইন না করা পর্যন্ত এর ডাউনলোড ও না পাঠানো শোনার তথ্য থেকে যায়।
set_accounts_footer	প্রতিটি অ্যাকাউন্ট নিজস্ব অগ্রগতি, ডাউনলোড ও লাইব্রেরি পছন্দ রাখে। অ্যাকাউন্ট বদলালে এগুলো কখনও মিশে যায় না।
set_remove_account_confirm	%1$s সরাবেন?
set_remove_account_detail	আপনি পরে অ্যাকাউন্টটি আবার যোগ করতে পারবেন। এর ডাউনলোড ও না পাঠানো শোনার তথ্য এই ডিভাইসে থেকে যায়।
set_add_an_account	একটি অ্যাকাউন্ট যোগ করুন
set_connect_intro	সরাসরি আপনার নিজের সার্ভারে সংযোগ করুন। অন্য কোনো পরিষেবার মাধ্যমে কিছুই পাঠানো হয় না।
set_change_server	সার্ভার পরিবর্তন করুন
set_sign_in	সাইন ইন করুন
set_sign_in_openid	OpenID দিয়ে সাইন ইন করুন
set_saved_accounts	সংরক্ষিত অ্যাকাউন্ট
set_use_account	ব্যবহার করুন
set_edit	সম্পাদনা করুন
set_add_podcast	পডকাস্ট যোগ করুন
set_not_available_yet	এখনও উপলব্ধ নয়
set_not_available_yet_detail	প্রিভিউয়ের এই অংশটি এখনও তৈরি হচ্ছে।
set_import_previous_app	আগের অ্যাপ থেকে ইমপোর্ট করুন
set_import_interrupted	একটি ইমপোর্ট শেষ হয়নি। যেখানে থেমেছিল সেখান থেকে চালিয়ে যেতে একই এক্সপোর্ট বেছে নিন।
set_import_already	এই এক্সপোর্টটি আগেই ইমপোর্ট করা হয়েছে। এর শিরোনাম, শোনার তথ্য ও অবস্থান এই ডিভাইসে আছে।
set_import_preflight	%1$s\nআগের অ্যাপ ও এই ফাইলটি শুধু পড়া হয়; এগুলোর কিছুই পরিবর্তন হয় না। শিরোনাম, শোনার তথ্য ও অবস্থান কোনো অ্যাকাউন্ট এখানে সাইন ইন করলে তার সাথে যুক্ত হয়। এক্সপোর্টে পাসওয়ার্ড থাকে না, তাই প্রতিটি অ্যাকাউন্টকে আবার সাইন ইন করতে হবে।
set_import_account_signed_in	%1$s · সাইন ইন করা আছে
set_import_account_sign_in_later	%1$s · ইমপোর্টের পরে সাইন ইন করুন
set_import_titles	শিরোনাম
set_import_title_partial	%1$s · বাকিটা আবার ডাউনলোড হবে
set_not_imported	ইমপোর্ট করা হয়নি
set_import_space	%1$s প্রয়োজন; %2$s খালি আছে।
set_import_no_space	এই ডিভাইসে যথেষ্ট খালি জায়গা নেই। কিছু জায়গা খালি করে আবার এক্সপোর্টটি বেছে নিন।
set_import_progress	ফাইল কপি করা হচ্ছে: %2$d এর মধ্যে %1$d। অ্যাপ বন্ধ হয়ে গেলে, চালিয়ে যেতে আবার একই এক্সপোর্ট বেছে নিন।
set_import_done	%1$dটি শিরোনাম, %2$dটি শোনার সেশন ও %3$dটি অবস্থান ইমপোর্ট করা হয়েছে। আগের অ্যাপের সেটিংস প্রয়োগ করা হয়েছে।
set_import_waiting	এর শিরোনাম, শোনার তথ্য ও অবস্থান যুক্ত করতে %2$s হিসাবে %1$s এ সাইন ইন করুন।
set_import	ইমপোর্ট করুন
set_continue	চালিয়ে যান
set_close	বন্ধ করুন
set_import_file_unreadable	বেছে নেওয়া ফাইলটি পড়া যায়নি। আবার বেছে নিন, অথবা আগে এটি এই ডিভাইসে সংরক্ষণ করুন।
set_import_stopped	ইমপোর্ট শেষ হওয়ার আগেই থেমে গেছে। কিছুই হারায়নি: যেখানে থেমেছিল সেখান থেকে চালিয়ে যেতে আবার একই এক্সপোর্ট বেছে নিন।
set_import_item_gone	এটি আর সার্ভারে নেই, তাই এটি গ্রহণ করা হয়নি।
set_import_file_changed	ইমপোর্টের পরে এই ডিভাইসে একটি ফাইল পরিবর্তিত হয়েছে, তাই এটি সার্ভার থেকে আবার ডাউনলোড করা হচ্ছে।
set_openid_not_enabled	এই সার্ভারে OpenID সাইন-ইন চালু নেই। আপনার ব্যবহারকারীর নাম ও পাসওয়ার্ড ব্যবহার করুন।
set_openid_canceled	ব্রাউজারে সাইন-ইন বাতিল করা হয়েছে। আপনার সংরক্ষিত অ্যাকাউন্টগুলো রাখা আছে।
set_openid_invalid	ব্রাউজার সাইন-ইনের উত্তর যাচাই করা যায়নি। আবার সাইন ইন করার চেষ্টা করুন এবং সার্ভারের OpenID রিডাইরেক্ট সেটিংস পরীক্ষা করুন।
set_vault_unreadable	সংরক্ষিত সাইন-ইন ডিক্রিপ্ট করা যায়নি। এগুলো ডিভাইসে রাখা আছে; চালিয়ে যেতে আবার সাইন ইন করুন।
set_session_ended	%1$s এর জন্য আপনার সেশন শেষ হয়েছে। আবার সাইন ইন করুন; না পাঠানো শোনার তথ্য ও ডাউনলোড রাখা আছে।
set_play_blocked_listening_storage	স্টোরেজ উপলব্ধ না থাকায় অ্যাপ বন্ধ হওয়ার আগের শোনার তথ্য সংরক্ষণ করা যায়নি, তাই সংরক্ষণ না হওয়া পর্যন্ত কিছুই চলবে না। কিছু জায়গা খালি করে আবার চেষ্টা করুন।
set_play_blocked_unreadable_resets	সংরক্ষিত অগ্রগতি বাতিলের তথ্য পড়া যায়নি, তাই ডায়াগনস্টিকসে সমাধান না হওয়া পর্যন্ত কিছুই চলবে না।
set_play_blocked_discarding	এই শিরোনামের অগ্রগতি এখনও বাতিল করা হচ্ছে। তা শেষ হলে এটি শুরু থেকে চলবে।
dl_not_saved	এই ডিভাইসে ডাউনলোড তালিকা সংরক্ষণ করা যায়নি, তাই কিছুই পরিবর্তন হয়নি। কিছু স্টোরেজ খালি করে আবার চেষ্টা করুন।
dl_not_allowed	আপনার অ্যাকাউন্টের ডাউনলোড করার অনুমতি নেই।
dl_no_audio	এই আইটেমে ডাউনলোড করার মতো কোনো অডিও নেই।
dl_no_space	সিস্টেমের জন্য স্টোরেজ খালি রেখে %1$s এর জন্য এই ডিভাইসে যথেষ্ট জায়গা নেই।
dl_folder_lost_nothing_downloaded	%1$s এ অ্যাক্সেস সরিয়ে নেওয়া হয়েছে, তাই কিছুই ডাউনলোড হয়নি। সেটিংসে আবার ডাউনলোড ফোল্ডার বেছে নিন।
dl_downloading_percent	ডাউনলোড হচ্ছে %1$d%%
dl_cancel_download	ডাউনলোড বাতিল করুন
dl_downloaded_plays_offline	ডাউনলোড করা হয়েছে · অফলাইনে চলে
dl_failed	ডাউনলোড ব্যর্থ হয়েছে।
dl_discard	বাতিল করুন
dl_cellular_title	মোবাইল ডেটায় ডাউনলোড করবেন?
dl_cellular_message	আপনি একটি মিটারযুক্ত সংযোগে আছেন। আপনি সেটিংসে এটি পরিবর্তন করতে পারেন।
dl_not_now	এখন নয়
dl_folder_cannot_be_kept	সেই ফোল্ডারটি ডাউনলোডের জন্য রাখা যাবে না। অন্য একটি বেছে নিন।
dl_saved_in_folder	ডাউনলোডগুলো %1$s এ সংরক্ষিত হয়
dl_saved_in_app_storage	ডাউনলোডগুলো অ্যাপ স্টোরেজে সংরক্ষিত হয়
dl_folder_visible_to_other_apps	এই ডিভাইসের অন্যান্য অ্যাপ এই ফাইলগুলো দেখতে পারে। পরিবর্তনের আগে করা ডাউনলোডগুলো যেখানে আছে সেখানেই থাকে।
dl_folder_private_to_app	শুধু এই অ্যাপই এই ফাইলগুলো দেখতে পারে। অন্য অ্যাপ যেখানে পৌঁছাতে পারে সেখানে ডাউনলোড রাখতে একটি ফোল্ডার বেছে নিন।
dl_choose_folder	ফোল্ডার বেছে নিন
dl_use_app_storage	অ্যাপ স্টোরেজ ব্যবহার করুন
dl_ebook_missing	ই-বইটি এই ডিভাইসে নেই। খুলতে এটি আবার ডাউনলোড করুন।
dl_no_app_opens_format	এই ডিভাইসে কোনো অ্যাপ %1$s ফাইল খুলতে পারে না। এমন একটি অ্যাপ ইনস্টল করে আবার চেষ্টা করুন।
dl_no_app_opens_this_kind	এই ডিভাইসে কোনো অ্যাপ এই ধরনের ফাইল খুলতে পারে না। এমন একটি অ্যাপ ইনস্টল করে আবার চেষ্টা করুন।
dl_folder_lost_choose_again_open	এই ডাউনলোডটি %1$s এ আছে, এবং %1$s এ অ্যাক্সেস সরিয়ে নেওয়া হয়েছে। খুলতে আবার %1$s বেছে নিন।
dl_folder_lost_choose_again_play	এই ডাউনলোডটি %1$s এ আছে, এবং %1$s এ অ্যাক্সেস সরিয়ে নেওয়া হয়েছে। চালাতে আবার %1$s বেছে নিন।
dl_names_or	%1$s বা %2$s
dl_names_and	%1$s ও %2$s
dl_remove_title	ডাউনলোড সরাবেন?
dl_remove_message	"%1$s" এই ডিভাইস থেকে সরানো হবে। আপনার শোনার অগ্রগতি রাখা থাকবে।
dl_keep	রাখুন
dl_not_that_folder	এটি %1$s নয়। এই ডাউনলোডগুলো যে ফোল্ডারে আছে সেটি বেছে নিন।
dl_folder_access_not_kept	সেই ফোল্ডারের অ্যাক্সেস রাখা যায়নি। আবার চেষ্টা করুন।
dl_no_downloads	কোনো ডাউনলোড নেই
dl_no_downloads_message	সংযোগ ছাড়া শুনতে বই বা পর্ব তাদের পৃষ্ঠা থেকে ডাউনলোড করুন।
dl_access_removed_title	%1$s এ অ্যাক্সেস সরিয়ে নেওয়া হয়েছে
dl_downloads_kept_there:one	%1$dটি ডাউনলোড সেখানে রাখা আছে। এটি চালাতে ও খুলতে আবার %2$s বেছে নিন।
dl_downloads_kept_there:other	%1$dটি ডাউনলোড সেখানে রাখা আছে। এগুলো চালাতে ও খুলতে আবার %2$s বেছে নিন।
dl_choose_again	আবার %1$s বেছে নিন
dl_some_files_missing	কিছু ফাইল এই ডিভাইসে নেই
dl_size_in_folder	%2$s এ %1$s
dl_open_in_another_app	অন্য অ্যাপে %1$s খুলুন
dl_download_again_named	%1$s আবার ডাউনলোড করুন
dl_the_chosen_folder	বেছে নেওয়া ফোল্ডার
dl_files_missing_play	এই ডাউনলোডের কিছু ফাইল এই ডিভাইসে নেই। চালাতে এটি আবার ডাউনলোড করুন।
dl_play_named	%1$s চালান
dl_retry_named	%1$s আবার চেষ্টা করুন
dl_cancel_named	%1$s বাতিল করুন
dl_remove_named	%1$s সরান
dl_sign_in_again	ডাউনলোড করতে এই অ্যাকাউন্টে আবার সাইন ইন করুন।
dl_folder_lost_choose_in_downloads	%1$s এ অ্যাক্সেস সরিয়ে নেওয়া হয়েছে। ডাউনলোডে আবার ফোল্ডারটি বেছে নিন।
dl_connection_interrupted	সংযোগ বিঘ্নিত হয়েছে।
dl_error_retrying	%1$s আবার চেষ্টা করা হচ্ছে…
dl_server_refused	সার্ভার ডাউনলোড প্রত্যাখ্যান করেছে।
dl_server_sent_type_not_audio	সার্ভার অডিওর বদলে %1$s পাঠিয়েছে, তাই কিছুই সংরক্ষিত হয়নি। আপনার সার্ভার বা প্রক্সি পরীক্ষা করে আবার চেষ্টা করুন।
dl_server_sent_unknown_not_audio	সার্ভার অডিওর বদলে একটি অজানা উত্তর পাঠিয়েছে, তাই কিছুই সংরক্ষিত হয়নি। আপনার সার্ভার বা প্রক্সি পরীক্ষা করে আবার চেষ্টা করুন।
dl_size_mismatch	ডাউনলোড করা ফাইলটি %1$d বাইট ছিল কিন্তু সার্ভার %2$d উল্লেখ করেছে, তাই এটি বাতিল করা হয়েছে। আবার ডাউনলোড করতে আবার চেষ্টা করুন।
dl_server_sent_not_pdf	সার্ভার PDF এর বদলে অন্য কিছু পাঠিয়েছে, তাই কিছুই সংরক্ষিত হয়নি। আপনার সার্ভার বা প্রক্সি পরীক্ষা করে আবার চেষ্টা করুন।
rd_positions_not_restored	সংরক্ষিত পড়ার অবস্থান পুনরুদ্ধার করা যায়নি, তাই পৃষ্ঠাগুলো সংরক্ষিত হচ্ছে না। মূল ডেটা রাখা আছে।
rd_positions_not_overwritten	সংরক্ষিত পড়ার অবস্থান পড়া যায়নি, তাই সেগুলো ওভাররাইট করা হচ্ছে না।
rd_not_a_pdf	এই ফাইলটি এমন PDF নয় যা এই ডিভাইস খুলতে পারে।
rd_document_not_opened	ডকুমেন্টটি খোলা যায়নি।
rd_page_not_saved	এই পৃষ্ঠাটি এই ডিভাইসে সংরক্ষণ করা যায়নি।
rd_choice_not_saved	আপনার পছন্দ এই ডিভাইসে সংরক্ষণ করা যায়নি।
rd_conflict_title	কোথা থেকে চালিয়ে যাবেন?
rd_conflict_page	এখানে পৃষ্ঠা %2$d সার্ভারে সংরক্ষিত হওয়ার আগেই অন্য একটি ডিভাইস পৃষ্ঠা %1$d এ পৌঁছেছে।
rd_conflict_location	এখানে পৃষ্ঠা %1$d সার্ভারে সংরক্ষিত হওয়ার আগেই অন্য একটি ডিভাইস এমন একটি পড়ার অবস্থান সংরক্ষণ করেছে যা এই রিডার পৃষ্ঠা হিসাবে দেখাতে পারে না।
rd_go_to_page_number	পৃষ্ঠা %1$d এ যান
rd_keep_other_position	অন্য অবস্থানটি রাখুন
rd_stay_on_page	পৃষ্ঠা %1$d এ থাকুন
rd_close_reader	রিডার বন্ধ করুন
rd_rotate_pages	পৃষ্ঠা ঘোরান
rd_continuous_scrolling	একটানা স্ক্রলিং
rd_document_error_title	এই ডকুমেন্টটি খোলা যায়নি
rd_try_again	আবার চেষ্টা করুন
rd_go_to_page	পৃষ্ঠায় যান
rd_previous_page	আগের পৃষ্ঠা
rd_next_page	পরের পৃষ্ঠা
rd_page_of	পৃষ্ঠা %1$d / %2$d
rd_page_number	পৃষ্ঠা %1$d
rd_download_folder_lost	এই ডাউনলোডটি %1$s এ আছে, এবং %1$s এ অ্যাক্সেস সরিয়ে নেওয়া হয়েছে। ডাউনলোডে আবার ফোল্ডারটি বেছে নিন।
rd_downloaded_document_missing	ডাউনলোড করা ডকুমেন্টটি এই ডিভাইসে নেই। আবার ডাউনলোড করুন।
rd_document_not_stored	পড়ার জন্য ডকুমেন্টটি সংরক্ষণ করা যায়নি।
rd_supplementary_pdf	পরিপূরক PDF
rd_format_not_available	এই প্রিভিউতে এখনও %1$s পড়া যায় না। সার্ভারে আপনার পড়ার অবস্থান রাখা আছে।
rd_ebook_not_available	এই প্রিভিউতে এখনও এই ই-বই পড়া যায় না। সার্ভারে আপনার পড়ার অবস্থান রাখা আছে।
grp_unavailable_title	অনুপলব্ধ শিরোনাম
grp_could_not_load_collections	সংগ্রহ লোড করা যায়নি।
grp_could_not_load_playlists	প্লেলিস্ট লোড করা যায়নি।
grp_collections_unavailable	সংগ্রহ উপলব্ধ নয়
grp_playlists_unavailable	প্লেলিস্ট উপলব্ধ নয়
grp_no_collections_yet	এখনও কোনো সংগ্রহ নেই
grp_no_playlists_yet	এখনও কোনো প্লেলিস্ট নেই
grp_create_one_hint	নিজের পছন্দের ক্রমে শিরোনামগুলো একসাথে রাখতে একটি তৈরি করুন।
grp_title_count:one	%1$dটি শিরোনাম
grp_title_count:other	%1$dটি শিরোনাম
grp_collection_deleted	এই সংগ্রহটি মুছে ফেলা হয়েছে।
grp_playlist_deleted	এই প্লেলিস্টটি মুছে ফেলা হয়েছে।
grp_could_not_load	লোড করা যায়নি।
grp_collection_unavailable	সংগ্রহ উপলব্ধ নয়
grp_playlist_unavailable	প্লেলিস্ট উপলব্ধ নয়
grp_nothing_in_collection_can_play	এই সংগ্রহের কিছুই চালানো যায় না।
grp_nothing_in_playlist_can_play	এই প্লেলিস্টের কিছুই চালানো যায় না।
grp_could_not_start_playback	প্লেব্যাক শুরু করা যায়নি।
grp_resume	আবার শুরু করুন
grp_play_collection	সংগ্রহ চালান
grp_play_playlist	প্লেলিস্ট চালান
grp_edit_collection	সংগ্রহ সম্পাদনা করুন
grp_edit_playlist	প্লেলিস্ট সম্পাদনা করুন
grp_delete_collection	সংগ্রহ মুছুন
grp_delete_playlist	প্লেলিস্ট মুছুন
grp_no_titles_yet	এখনও কোনো শিরোনাম নেই
grp_delete_collection_question	সংগ্রহ মুছবেন?
grp_delete_playlist_question	প্লেলিস্ট মুছবেন?
grp_delete_group_explanation	“%1$s” আপনার সার্ভার থেকে মুছে ফেলা হবে। এর ভেতরের শিরোনামগুলো রাখা থাকবে।
grp_not_deleted	মোছা হয়নি: %1$s
grp_not_deleted_try_again	মোছা হয়নি: আবার চেষ্টা করুন
grp_not_allowed_to_change_collection	আপনার সার্ভার অ্যাকাউন্টের এই সংগ্রহ পরিবর্তন করার অনুমতি নেই।
grp_not_allowed_to_change_playlist	আপনার সার্ভার অ্যাকাউন্টের এই প্লেলিস্ট পরিবর্তন করার অনুমতি নেই।
grp_collection_no_longer_exists	এই সংগ্রহটি আর নেই।
grp_playlist_no_longer_exists	এই প্লেলিস্টটি আর নেই।
grp_not_saved	সংরক্ষিত হয়নি: %1$s
grp_not_saved_try_again	সংরক্ষিত হয়নি: আবার চেষ্টা করুন
grp_saving	সংরক্ষণ করা হচ্ছে…
grp_create_collection	সংগ্রহ তৈরি করুন
grp_create_playlist	প্লেলিস্ট তৈরি করুন
grp_save_changes	পরিবর্তন সংরক্ষণ করুন
grp_choose_at_least_one_title	অন্তত একটি শিরোনাম বেছে নিন।
grp_order	ক্রম
grp_move_up	%1$s উপরে সরান
grp_remove_member	%1$s সরান
grp_add_titles	শিরোনাম যোগ করুন
grp_add_episodes_hint	পডকাস্টের পর্বের পৃষ্ঠা থেকে পর্ব যোগ করুন।
grp_add_to_playlist_or_collection	প্লেলিস্ট বা সংগ্রহে যোগ করুন
grp_add_to	এতে যোগ করুন
grp_nothing_to_add_to	এখানে যোগ করার মতো এখনও কিছু নেই।
grp_added_to	%1$s এ যোগ করা হয়েছে
grp_not_added	যোগ করা হয়নি: %1$s
grp_not_added_try_again	যোগ করা হয়নি: আবার চেষ্টা করুন
grp_already_included	আগেই যুক্ত আছে
grp_close	বন্ধ করুন
grp_titles_could_not_load	শিরোনাম লোড করা যায়নি
grp_nothing_here	এখানে কিছু নেই
pod_feed_episodes	ফিডের পর্ব
pod_sort_newest_first	নতুনতম আগে, পুরোনোতম আগে দেখতে ট্যাপ করুন
pod_sort_oldest_first	পুরোনোতম আগে, নতুনতম আগে দেখতে ট্যাপ করুন
pod_episodes_queued:one	আপনার সার্ভারে %1$dটি পর্ব সারিতে যোগ হয়েছে: %2$s
pod_episodes_queued:other	আপনার সার্ভারে %1$dটি পর্ব সারিতে যোগ হয়েছে: %2$s
pod_server_could_not_download	আপনার সার্ভার “%1$s” ডাউনলোড করতে পারেনি।
pod_dismiss	খারিজ করুন
pod_no_episodes_yet	এখনও কোনো পর্ব নেই
pod_no_episodes_match_filter	এই ফিল্টারের সাথে কোনো পর্ব মেলে না
pod_episode_details	পর্বের বিস্তারিত
pod_untitled_episode	শিরোনামহীন পর্ব
pod_play_named	%1$s চালান
pod_episode_not_available	পর্বটি উপলব্ধ নয়
pod_episode_may_have_been_removed	এটি হয়তো সার্ভার থেকে সরানো হয়েছে।
pod_percent_listened	%1$d%% শোনা হয়েছে
pod_feed_could_not_open	ফিডটি খোলা যায়নি।
pod_retry_feed	ফিড আবার চেষ্টা করুন
pod_no_feed_episodes	ফিডে কোনো পর্ব পাওয়া যায়নি
pod_already_on_server	আগেই সার্ভারে আছে
pod_selected	নির্বাচিত
pod_not_selected	নির্বাচিত নয়
pod_no_audio_enclosure	কোনো অডিও সংযুক্তি নেই
pod_not_queued	সারিতে যোগ হয়নি: %1$s
pod_not_queued_try_again	সারিতে যোগ হয়নি: আবার চেষ্টা করুন
pod_queueing_on_server	আপনার সার্ভারে সারিতে যোগ করা হচ্ছে…
pod_add_selected_episodes	নির্বাচিত পর্বগুলো সার্ভারে যোগ করুন
pod_something_went_wrong	কিছু একটা ভুল হয়েছে।
pod_adding_not_available	পডকাস্ট যোগ করা যাচ্ছে না
pod_adding_needs_permission	আপনার সার্ভার অ্যাকাউন্টের একটি পডকাস্ট লাইব্রেরিতে পডকাস্ট পরিচালনার অনুমতি প্রয়োজন।
pod_search_podcasts	পডকাস্ট অনুসন্ধান করুন
pod_or_rss_feed_url	অথবা RSS ফিড URL
pod_enter_complete_feed_url	একটি সম্পূর্ণ HTTP বা HTTPS ফিড URL লিখুন।
pod_preview_feed	ফিডের প্রিভিউ দেখুন
pod_create_podcast	পডকাস্ট তৈরি করুন
pod_choose_different_feed	অন্য ফিড বেছে নিন
item_something_went_wrong	কিছু একটা ভুল হয়েছে। আবার চেষ্টা করুন।
item_feed_subscribe_at	পডকাস্ট অ্যাপগুলো এই ঠিকানায় এই শিরোনামে সাবস্ক্রাইব করতে পারে:
item_copied	কপি করা হয়েছে
item_copy_address	ঠিকানা কপি করুন
item_hidden_from_directories	পডকাস্ট ডিরেক্টরি থেকে লুকানো
item_feed_public_warning	ঠিকানাটি যার কাছে আছে সে সাইন ইন ছাড়াই এই শিরোনাম শুনতে পারে।
item_feed_name	ফিডের নাম
item_feed_name_rule	শুধু অক্ষর, সংখ্যা, - এবং _
item_hide_from_directories	পডকাস্ট ডিরেক্টরি থেকে লুকান
item_done	সম্পন্ন
item_sending	পাঠানো হচ্ছে…
item_sent_to	%1$s এ পাঠানো হয়েছে
item_send_ebook_explanation	আপনার সার্ভার আপনার বেছে নেওয়া ডিভাইসে ই-বইটি ইমেইল করে।
item_ereader_or_ebook_gone	%1$s অথবা এই ই-বইটি আর সার্ভারে উপলব্ধ নেই। কিছুই পাঠানো হয়নি।
item_not_sent_to	%1$s এ পাঠানো হয়নি। %2$s
item_not_saved_try_again	সংরক্ষিত হয়নি। আবার চেষ্টা করুন।
item_mark_unfinished	অসমাপ্ত হিসাবে চিহ্নিত করুন
item_discard_uncertain	এই শিরোনামের অগ্রগতির একটি আগের সংরক্ষণের কোনো উত্তর আসেনি এবং এটি এখনও আপনার সার্ভারে পৌঁছাতে পারে। বাতিলের পরে এটি পৌঁছালে অগ্রগতি ফিরে আসবে। এমন হবে কি না, আপনার সার্ভার এই অ্যাপকে জানাতে পারে না।
item_discard_anyway	তবুও বাতিল করুন
item_discard_under_way	এই বাতিল ইতিমধ্যে চলছে এবং ফেরানো যাবে না।
item_keep_progress	অগ্রগতি রাখুন
item_discard_pending	অগ্রগতি বাতিল করা হচ্ছে। আপনার সার্ভারে পৌঁছানো গেলে এবং এই শিরোনামের শোনার তথ্য পাঠানো হলে এটি শেষ হবে।
item_discard_anyway_question	তবুও বাতিল করবেন?
item_discard_anyway_explanation	অগ্রগতি এখনই সরানো হবে। আগের সংরক্ষণটি পরে আপনার সার্ভারে পৌঁছালে এই শিরোনামের অগ্রগতি ফিরে আসবে এবং আপনি এটি আবার বাতিল করতে পারবেন।
item_discard	বাতিল করুন
item_discard_progress_question	অগ্রগতি বাতিল করবেন?
item_discard_progress_explanation	এই শিরোনামের জন্য আপনার অবস্থান ও সমাপ্তির অবস্থা সব ডিভাইসের জন্য সার্ভার থেকে সরানো হবে।
item_could_not_load	এই শিরোনামটি লোড করা যায়নি
item_narrated_by	কথক
item_series	সিরিজ: %1$s
item_series_with_sequence	সিরিজ: %1$s #%2$s
item_episode_count:one	%1$dটি পর্ব
item_episode_count:other	%1$dটি পর্ব
item_listened_and_left	%1$d%% শোনা হয়েছে · %2$s বাকি
item_chapter_number	অধ্যায় %1$d
pl_minimize_player	প্লেয়ার ছোট করুন
pl_nothing_playing	কিছুই চলছে না
pl_chapter_number	অধ্যায় %1$d
pl_try_again	আবার চেষ্টা করুন
pl_speed_value	গতি %1$s
pl_sleep	স্লিপ
pl_position_of_duration	%2$s এর মধ্যে %1$s
pl_buffering	বাফার হচ্ছে
pl_previous_chapter	আগের অধ্যায়
pl_next_chapter	পরের অধ্যায়
pl_jump_forward_seconds:one	%1$d সেকেন্ড সামনে যান
pl_jump_forward_seconds:other	%1$d সেকেন্ড সামনে যান
pl_jump_back_seconds:one	%1$d সেকেন্ড পিছনে যান
pl_jump_back_seconds:other	%1$d সেকেন্ড পিছনে যান
pl_jump_forward_minutes:one	%1$d মিনিট সামনে যান
pl_jump_forward_minutes:other	%1$d মিনিট সামনে যান
pl_jump_back_minutes:one	%1$d মিনিট পিছনে যান
pl_jump_back_minutes:other	%1$d মিনিট পিছনে যান
pl_open_player	প্লেয়ার খুলুন
pl_playback_stopped	প্লেব্যাক থেমে গেছে
pl_listening_unsaved	কিছু শোনার তথ্য এখনও এই ডিভাইসে সংরক্ষিত হয়নি। এটি রাখা আছে এবং স্টোরেজ অনুমতি দিলেই সংরক্ষিত হবে।
pl_playing	চলছে
pl_resume	আবার শুরু করুন
pl_streaming_cellular_refused	সেটিংসে মোবাইল ডেটায় স্ট্রিমিং বন্ধ আছে। Wi-Fi এ সংযোগ করুন অথবা আগে এই শিরোনামটি ডাউনলোড করুন।
pl_stream_cellular_title	মোবাইল ডেটায় স্ট্রিম করবেন?
pl_stream_cellular_message	আপনি একটি মিটারযুক্ত সংযোগে আছেন। আপনি সেটিংসে এটি পরিবর্তন করতে পারেন।
pl_not_now	এখন নয়
pl_sleep_stops_end_of_chapter	এই অধ্যায়ের শেষে থামবে, এখন থেকে %1$s পরে
pl_sleep_stops_in	%1$s পরে থামবে
pl_sleep_minus_minutes	−%1$d মিনিট
pl_sleep_plus_minutes	+%1$d মিনিট
pl_sleep_minutes	%1$d মিনিট
pl_sleep_turn_off	বন্ধ করুন
pl_bookmark_not_saved_reason	বুকমার্ক সংরক্ষিত হয়নি: %1$s
pl_bookmark_not_saved	বুকমার্ক সংরক্ষিত হয়নি: আবার চেষ্টা করুন
pl_bookmark_add_at	%1$s এ যোগ করুন
pl_bookmark_go_to	বুকমার্কে যান
pl_bookmark_default	বুকমার্ক
pl_bookmark_rename_named	%1$s এর নাম পরিবর্তন করুন
pl_bookmark_delete_named	%1$s মুছুন
pl_bookmark_at	%1$s এ বুকমার্ক
pl_bookmark_rename	বুকমার্কের নাম পরিবর্তন করুন
pl_bookmark_new	নতুন বুকমার্ক
pl_untitled	শিরোনামহীন
pl_playback_stopped_reason	প্লেব্যাক থেমে গেছে: %1$s। আপনার অবস্থান রাখা আছে।
pl_playback_stopped_unknown	প্লেব্যাক থেমে গেছে: অডিও লোড করা যায়নি। আপনার অবস্থান রাখা আছে।
pl_no_playable_audio	এই আইটেমে চালানোর মতো কোনো অডিও নেই।
pl_could_not_start	প্লেব্যাক শুরু করা যায়নি।
pl_listening_save_failed	এই ডিভাইসে শোনার তথ্য সংরক্ষণ করা যায়নি, তাই প্লেব্যাক থামানো হয়েছে। কিছু স্টোরেজ খালি করে আবার চেষ্টা করুন।
cast_casting_to	%1$s এ কাস্ট করা হচ্ছে
cast_cast	কাস্ট করুন
cast_playing_on	%1$s এ চলছে
cast_connecting_to	%1$s এ সংযোগ করা হচ্ছে…
cast_playing_on_phone	এই ফোনে চলছে
cast_stop	কাস্টিং বন্ধ করুন
cast_looking	কাস্ট ডিভাইস খোঁজা হচ্ছে…
cast_none_found	কোনো কাস্ট ডিভাইস পাওয়া যায়নি। রিসিভারটি চালু আছে কি না এবং এই ফোনের মতো একই Wi-Fi নেটওয়ার্কে আছে কি না পরীক্ষা করুন।
cast_close	বন্ধ করুন
cast_download_not_castable	ডাউনলোড করা কপি শুধু এই ফোনে চলে। এখানে শুনতে কাস্টিং বন্ধ করুন, অথবা এর বদলে শিরোনামটি স্ট্রিম করুন।
cast_resumed_without_title	কাস্ট করার সময় অ্যাপটি আবার চালু হওয়ায় কাস্টিং থেমে গেছে। এই ফোনে শেষ সংরক্ষিত জায়গা থেকে শুনতে শিরোনামটি আবার খুলুন।
cast_needs_play_services	কাস্ট করতে Google Play পরিষেবা প্রয়োজন, যা এই ডিভাইসে নেই বা আপডেট করা প্রয়োজন।
cast_could_not_start	এই ডিভাইসে কাস্টিং শুরু করা যায়নি: %1$s।
cast_connect_failed_named	%1$s এ সংযোগ করা যায়নি। এটি চালু আছে কি না এবং এই ফোনের মতো একই Wi-Fi নেটওয়ার্কে আছে কি না পরীক্ষা করুন।
cast_connect_failed	রিসিভারে সংযোগ করা যায়নি। এটি চালু আছে কি না এবং এই ফোনের মতো একই Wi-Fi নেটওয়ার্কে আছে কি না পরীক্ষা করুন।
cast_connection_lost_named	%1$s এর সাথে সংযোগ বিচ্ছিন্ন হয়েছে। প্লেব্যাক এই ফোনে চলতে থাকবে।
cast_connection_lost	রিসিভারের সাথে সংযোগ বিচ্ছিন্ন হয়েছে। প্লেব্যাক এই ফোনে চলতে থাকবে।
auto_continue	চালিয়ে যান
auto_recent	সাম্প্রতিক
auto_discovery	আবিষ্কার
auto_authors_count:one	%1$d জন লেখক
auto_authors_count:other	%1$d জন লেখক
auto_series_count:one	%1$dটি সিরিজ
auto_series_count:other	%1$dটি সিরিজ
lib_books_count:one	%1$dটি বই
lib_books_count:other	%1$dটি বই
lib_items_count:one	%1$dটি আইটেম
lib_items_count:other	%1$dটি আইটেম
lib_selected	নির্বাচিত
lib_all_filters	সব ফিল্টার
lib_nothing_to_filter	এখানে ফিল্টার করার মতো কিছু নেই।
lib_sort_descending_switch	নিম্নক্রম, ঊর্ধ্বক্রমে পরিবর্তন করুন
lib_sort_ascending_switch	ঊর্ধ্বক্রম, নিম্নক্রমে পরিবর্তন করুন
lib_sort_descending	নিম্নক্রম
lib_sort_ascending	ঊর্ধ্বক্রম
lib_unavailable	লাইব্রেরি উপলব্ধ নয়
lib_unavailable_message	%1$s আপনার অ্যাকাউন্ট ও না পাঠানো শোনার তথ্য রাখা আছে।
lib_heading_with_total	%1$s · %2$d
lib_show_covers	কভার দেখান
lib_show_list	তালিকা দেখান
lib_filtered	ফিল্টার করা
lib_empty_title	এখানে এখনও কিছু নেই
lib_empty_message	এই লাইব্রেরিতে আপনার অ্যাক্সেসযোগ্য কোনো আইটেম নেই।
lib_page_error	আরও শিরোনাম লোড করা যায়নি
lib_card_finished	%1$s, সমাপ্ত
lib_card_percent_listened	%1$s, %2$d শতাংশ শোনা হয়েছে
lib_search_in	%1$s এ অনুসন্ধান করুন
lib_search_library	লাইব্রেরিতে অনুসন্ধান করুন
lib_clear_search	অনুসন্ধান মুছুন
lib_search_failed	অনুসন্ধান ব্যর্থ হয়েছে
lib_search_idle_title	শোনার মতো কিছু খুঁজুন
lib_search_idle_message	শিরোনাম, লেখক, সিরিজ, কথক ও পর্ব অনুসন্ধান করুন।
lib_search_no_match	"%1$s" এর সাথে কিছুই মেলেনি। কম শব্দ বা অন্য বানানে চেষ্টা করুন।
err_invalid_server	http:// বা https:// দিয়ে শুরু হওয়া একটি সার্ভার ঠিকানা লিখুন, যেমন https://books.example.com/abs।
err_unsafe_media_url	সার্ভার এই সার্ভারের বাইরের একটি মিডিয়া ঠিকানা দিয়েছে। এটি খোলা হয়নি।
err_sign_in_required	আপনার সেশন আর গ্রহণ করা হচ্ছে না। আবার সাইন ইন করুন; না পাঠানো শোনার তথ্য রাখা আছে।
err_untrusted	সার্ভারের সার্টিফিকেট এই ডিভাইসের কাছে বিশ্বস্ত নয়। Android সেটিংস > নিরাপত্তা > এনক্রিপশন ও ক্রেডেনশিয়াল এ আপনার সার্ভারের সার্টিফিকেট কর্তৃপক্ষ ইনস্টল করুন, তারপর আবার চেষ্টা করুন।
err_offline	সার্ভারে পৌঁছানো যায়নি। ঠিকানা বা আপনার সংযোগ পরীক্ষা করে আবার চেষ্টা করুন।
err_forbidden	আপনার অ্যাকাউন্টের এটি করার অনুমতি নেই।
err_not_found	এই কনটেন্ট আর সার্ভারে উপলব্ধ নেই।
err_server_problem	সার্ভারে একটি সাময়িক সমস্যা হয়েছে (HTTP %1$d)। আবার চেষ্টা করুন।
err_rejected	সার্ভার অনুরোধটি প্রত্যাখ্যান করেছে (HTTP %1$d)।
err_invalid_response	সার্ভার এমন একটি উত্তর পাঠিয়েছে যা এই অ্যাপ পড়তে পারেনি।
err_no_audio	এই আইটেমে চালানোর মতো কোনো অডিও নেই।
err_login_rejected	ব্যবহারকারীর নাম বা পাসওয়ার্ড গ্রহণ করা হয়নি।
err_publications_unreadable	উত্তর না পাওয়া অগ্রগতি লেখার রেকর্ড পড়া যায়নি। আগে ডায়াগনস্টিকসে সেগুলোর সমাধান করুন।
err_discards_unreadable	সংরক্ষিত অগ্রগতি বাতিলের তথ্য পড়া যায়নি। আগে ডায়াগনস্টিকসে সেগুলোর সমাধান করুন।
