# Japanese drafts for strings the legacy app lacks: machine-drafted, not reviewed by a native speaker.
title_accounts	アカウント
title_new_collection	新しいコレクション
menu_more	その他
action_retry	再試行
action_read	%1$sを読む
action_mark_finished	完了済みにする
action_discard_progress	進捗を破棄
choose_library	ライブラリーを選択
all_titles	すべてのタイトル
all_podcasts	すべてのポッドキャスト
filter	絞り込み
sort	並べ替え
playback_speed	再生速度
server_address	サーバーアドレス
theme_system	システム
theme_black	ブラック
screen_orientation	画面の向き
jump_forward	早送り
jump_back	巻き戻し
jump_forward_time	早送りの時間
jump_back_time	巻き戻しの時間
shake_sensitivity	シェイクの感度
level_very_low	非常に低い
level_low	低い
level_medium	中
level_very_high	非常に高い
streaming_on_mobile_data	モバイルデータでのストリーミング
policy_never	しない
set_settings_not_saved	設定をこの端末に保存できなかったため、何も変更されていません。空き容量を確保して、もう一度お試しください。
set_orientation_follow_device	端末に合わせる
set_orientation_portrait	縦向き
set_orientation_landscape	横向き
set_haptic_off	オフ
set_haptic_heavy	強
set_unit_seconds_short	%1$d秒
set_unit_minutes_short	%1$d分
set_rewind_on_resume	再開時に少し巻き戻す
set_rewind_on_resume_detail	一時停止後は数秒戻り、長く停止した後はさらに戻ります。
set_seek_system_controls	システムのコントロールからシーク
set_seek_system_controls_detail	ロック画面と通知から再生位置バーを動かせるようにします。
set_mp3_index_seeking	正確なMP3シーク
set_mp3_index_seeking_detail	長さが不正確なMP3ファイル用にシークインデックスを作成します。シークの開始が遅くなります。
set_shake_to_reset	シェイクでリセット
set_shake_to_reset_detail	タイマーの作動中に端末を振ると、タイマーが最初からやり直しになります。
set_sleep_fade_out	フェードアウト
set_sleep_fade_out_detail	最後の1分間で音量を下げます。
set_vibrate_on_reset	リセット時に振動
set_sleep_chime	終了間近にチャイムを鳴らす
set_auto_sleep_timer_detail	%1$sから%2$sの間に再生すると、タイマーを開始します。
set_auto_sleep_starts_at	開始時刻
set_heading_mobile_data	モバイルデータ
set_storage	ストレージ
set_series_first_to_last	最初から順に
set_series_last_to_first	最後から順に
set_heading_support	サポート
set_diagnostics	診断
set_something_went_wrong	問題が発生しました。
set_statistics_unavailable	統計情報を利用できません
set_try_again	もう一度試す
set_minutes_listened:other	%1$d分聴取
set_days_listened:other	%1$d日聴取
set_titles_finished:other	%1$d件のタイトルを完了
set_day_minutes_listened:other	%1$s、%2$d分聴取
set_set_aside_failed	退避できませんでした。もう一度お試しください。
set_connection	接続
set_diagnostics_area_media	メディア
set_diagnostics_area_sync	同期
set_unreadable_resets_title	保存された進捗の破棄を読み込めませんでした
set_unreadable_resets_detail	どのタイトルが対象になっているか分からないため、判断するまで何も再生されず、読書位置も送信されません。退避するとファイルはこの端末に残り、破棄される予定だった進捗はサーバーに残ります。
set_set_them_aside	退避する
set_listening_storage_title	アプリ終了前の再生記録を保存できませんでした
set_listening_storage_detail	この端末のストレージが利用できないか、いっぱいです。保存されるまで何も再生されず、再生記録も送信されません。記録はそれまで保持されます。
set_unreadable_writes_title	応答のない進捗保存の記録を読み込めませんでした
set_unreadable_writes_detail	どのタイトルの保存もまだサーバーに届く可能性があるため、判断するまで再生記録や読書位置は送信されず、進捗も破棄されません。退避するとファイルはこの端末に残りますが、遅れて届いた保存によって、破棄した進捗が戻る場合があります。
set_diagnostics_server	サーバー %1$s
set_diagnostics_signed_in_as	%1$sとしてサインイン中
set_diagnostics_app_version	アプリ %1$s
set_recent_problems	最近の問題
set_clear	クリア
set_no_problems	この端末で記録された問題はありません。
set_unreadable_writes_confirm_title	読み込めない記録を退避しますか？
set_unreadable_writes_confirm_detail	再生記録と読書位置が再び送信され、破棄も実行できるようになります。
set_set_aside	退避
set_unreadable_resets_confirm_title	読み込めない破棄を退避しますか？
set_unreadable_resets_confirm_detail	タイトルが再生できるようになり、読書位置も再び送信されます。最初からやり直したいタイトルがあれば、もう一度進捗を破棄してください。
set_signed_in	サインイン中
set_other_accounts	他のアカウント
set_server_sign_in_required	%1$s · サインインが必要
set_remove_account	%1$sを削除
set_switch_to_account	このアカウントに切り替え
set_add_account	アカウントを追加
set_sign_out_of	%1$sからサインアウト
set_sign_out_detail	このアカウントを端末から削除します。このアカウントのダウンロードと未送信の再生記録は、再びサインインするまで残ります。
set_accounts_footer	アカウントごとに進捗、ダウンロード、ライブラリーの選択が別々に保持されます。切り替えても混ざることはありません。
set_remove_account_confirm	%1$sを削除しますか？
set_remove_account_detail	このアカウントは後で再び追加できます。ダウンロードと未送信の再生記録はこの端末に残ります。
set_add_an_account	アカウントを追加
set_connect_intro	自分のサーバーに直接接続します。他のサービスを経由することはありません。
set_change_server	サーバーを変更
set_sign_in	サインイン
set_sign_in_openid	OpenIDでサインイン
set_saved_accounts	保存済みのアカウント
set_use_account	使用
set_edit	編集
set_add_podcast	ポッドキャストを追加
set_not_available_yet	まだ利用できません
set_not_available_yet_detail	プレビュー版のこの部分はまだ開発中です。
set_import_previous_app	以前のアプリからインポート
set_import_interrupted	インポートが完了していません。同じエクスポートを選択すると、中断したところから続行します。
set_import_already	このエクスポートはすでにインポート済みです。そのタイトル、再生記録、位置はこの端末にあります。
set_import_preflight	%1$s\n以前のアプリとこのファイルは読み取るだけで、どちらも変更されません。タイトル、再生記録、位置は、アカウントがここでサインインした時点でそのアカウントに関連付けられます。パスワードはエクスポートに含まれないため、各アカウントで再度サインインしてください。
set_import_account_signed_in	%1$s · サインイン済み
set_import_account_sign_in_later	%1$s · インポート後にサインイン
set_import_titles	タイトル
set_import_title_partial	%1$s · 残りは再ダウンロード
set_not_imported	インポートされていません
set_import_space	%1$sが必要です（空き容量 %2$s）。
set_import_no_space	この端末に十分な空き容量がありません。容量を空けてから、もう一度エクスポートを選択してください。
set_import_progress	ファイルをコピー中: %1$d / %2$d。アプリが終了した場合は、同じエクスポートをもう一度選択すると続行します。
set_import_done	タイトル%1$d件、再生セッション%2$d件、位置%3$d件をインポートしました。以前のアプリの設定が適用されました。
set_import_waiting	%1$sに%2$sとしてサインインすると、そのタイトル、再生記録、位置が関連付けられます。
set_import	インポート
set_continue	続行
set_close	閉じる
set_import_file_unreadable	選択したファイルを読み込めませんでした。もう一度選択するか、先にこの端末に保存してください。
set_import_stopped	インポートは完了前に停止しました。失われたものはありません。同じエクスポートをもう一度選択すると、中断したところから続行します。
set_import_item_gone	サーバー上にもう存在しないため、取り込まれませんでした。
set_import_file_changed	インポート後にこの端末上のファイルが変更されたため、サーバーから再ダウンロードされます。
set_openid_not_enabled	このサーバーではOpenIDサインインが有効になっていません。ユーザー名とパスワードを使用してください。
set_openid_canceled	ブラウザでのサインインがキャンセルされました。保存済みのアカウントはそのまま残っています。
set_openid_invalid	ブラウザでのサインインの応答を検証できませんでした。もう一度サインインし、サーバーのOpenIDリダイレクト設定を確認してください。
set_vault_unreadable	保存されたサインイン情報を復号できませんでした。情報は端末に残っています。続行するには再度サインインしてください。
set_session_ended	%1$sのセッションが終了しました。再度サインインしてください。未送信の再生記録とダウンロードは保持されています。
set_play_blocked_listening_storage	ストレージが利用できないため、アプリ終了前の再生記録を保存できませんでした。保存できるまで何も再生されません。空き容量を確保してから、もう一度お試しください。
set_play_blocked_unreadable_resets	保存された進捗の破棄を読み込めなかったため、「診断」で解決するまで何も再生されません。
set_play_blocked_discarding	このタイトルの進捗はまだ破棄中です。完了すると最初から再生されます。
dl_not_saved	ダウンロードリストをこの端末に保存できなかったため、何も変更されていません。空き容量を確保して、もう一度お試しください。
dl_not_allowed	お使いのアカウントにはダウンロードの権限がありません。
dl_no_audio	このアイテムにはダウンロードできるオーディオがありません。
dl_no_space	システム用の空き容量を残したままでは、この端末に%1$sを保存する空き容量がありません。
dl_folder_lost_nothing_downloaded	%1$sへのアクセス権が削除されたため、何もダウンロードされませんでした。設定でダウンロードフォルダーをもう一度選択してください。
dl_downloading_percent	ダウンロード中 %1$d%%
dl_downloading	ダウンロード中…
dl_cancel_download	ダウンロードをキャンセル
dl_downloaded_plays_offline	ダウンロード済み · オフラインで再生可能
dl_failed	ダウンロードに失敗しました。
dl_discard	破棄
dl_cellular_title	モバイルデータでダウンロードしますか？
dl_cellular_message	従量制の接続を使用しています。これは設定で変更できます。
dl_not_now	後で
dl_folder_cannot_be_kept	そのフォルダーはダウンロード用に保持できません。別のフォルダーを選択してください。
dl_saved_in_folder	ダウンロードは%1$sに保存されます
dl_saved_in_app_storage	ダウンロードはアプリのストレージに保存されます
dl_folder_visible_to_other_apps	この端末の他のアプリからもこれらのファイルを見ることができます。変更前のダウンロードは元の場所に残ります。
dl_folder_private_to_app	これらのファイルはこのアプリからのみ見ることができます。他のアプリからアクセスできる場所にダウンロードを保存するには、フォルダーを選択してください。
dl_choose_folder	フォルダーを選択
dl_use_app_storage	アプリのストレージを使用
dl_ebook_missing	電子書籍がこの端末にありません。開くにはもう一度ダウンロードしてください。
dl_no_app_opens_format	この端末には%1$sファイルを開けるアプリがありません。対応するアプリをインストールして、もう一度お試しください。
dl_no_app_opens_this_kind	この端末にはこの種類のファイルを開けるアプリがありません。対応するアプリをインストールして、もう一度お試しください。
dl_folder_lost_choose_again_open	このダウンロードは%1$sにありますが、%1$sへのアクセス権が削除されました。開くには%1$sをもう一度選択してください。
dl_folder_lost_choose_again_play	このダウンロードは%1$sにありますが、%1$sへのアクセス権が削除されました。再生するには%1$sをもう一度選択してください。
dl_names_or	%1$sまたは%2$s
dl_names_and	%1$sと%2$s
dl_remove_title	ダウンロードを削除しますか？
dl_remove_message	「%1$s」はこの端末から削除されます。再生の進捗は保持されます。
dl_keep	残す
dl_not_that_folder	それは%1$sではありません。これらのダウンロードがあるフォルダーを選択してください。
dl_folder_access_not_kept	そのフォルダーへのアクセス権を保持できませんでした。もう一度お試しください。
dl_no_downloads	ダウンロードなし
dl_no_downloads_message	接続なしで聴くには、本やエピソードのページからダウンロードしてください。
dl_access_removed_title	%1$sへのアクセス権が削除されました
dl_downloads_kept_there:other	%1$d件のダウンロードがそこに保存されています。再生したり開いたりするには、%2$sをもう一度選択してください。
dl_choose_again	%1$sをもう一度選択
dl_some_files_missing	一部のファイルがこの端末にありません
dl_size_in_folder	%1$s（%2$s内）
dl_open_in_another_app	%1$sを別のアプリで開く
dl_download_again_named	%1$sを再ダウンロード
dl_the_chosen_folder	選択したフォルダー
dl_files_missing_play	このダウンロードの一部のファイルがこの端末にありません。再生するにはもう一度ダウンロードしてください。
dl_play_named	%1$sを再生
dl_retry_named	%1$sを再試行
dl_cancel_named	%1$sをキャンセル
dl_remove_named	%1$sを削除
dl_sign_in_again	ダウンロードするには、このアカウントにもう一度サインインしてください。
dl_folder_lost_choose_in_downloads	%1$sへのアクセス権が削除されました。「ダウンロード」でフォルダーをもう一度選択してください。
dl_connection_interrupted	接続が中断されました。
dl_error_retrying	%1$s 再試行中…
dl_server_refused	サーバーがダウンロードを拒否しました。
dl_server_sent_type_not_audio	サーバーがオーディオではなく%1$sを送信したため、何も保存されませんでした。サーバーまたはプロキシを確認して、再試行してください。
dl_server_sent_unknown_not_audio	サーバーがオーディオではなく不明な応答を送信したため、何も保存されませんでした。サーバーまたはプロキシを確認して、再試行してください。
dl_size_mismatch	ダウンロードしたファイルは%1$dバイトでしたが、サーバー上では%2$dバイトと表示されていたため、破棄されました。再試行して、もう一度ダウンロードしてください。
dl_server_sent_not_pdf	サーバーがPDF以外のものを送信したため、何も保存されませんでした。サーバーまたはプロキシを確認して、再試行してください。
dl_notification_downloading	%1$sをダウンロード中
rd_positions_not_restored	保存された読書位置を復元できなかったため、ページは保存されていません。元のデータは保持されています。
rd_positions_not_overwritten	保存された読書位置を読み込めなかったため、上書きされません。
rd_not_a_pdf	このファイルは、この端末で開けるPDFではありません。
rd_document_not_opened	ドキュメントを開けませんでした。
rd_page_not_saved	このページをこの端末に保存できませんでした。
rd_choice_not_saved	選択内容をこの端末に保存できませんでした。
rd_conflict_title	どこから続けますか？
rd_conflict_page	この端末の%2$dページがまだサーバーに保存されていない間に、別の端末が%1$dページまで進みました。
rd_conflict_location	この端末の%1$dページがまだサーバーに保存されていない間に、別の端末が、このリーダーではページとして表示できない読書位置を保存しました。
rd_go_to_page_number	%1$dページへ移動
rd_keep_other_position	もう一方の位置を使う
rd_stay_on_page	%1$dページのままにする
rd_close_reader	リーダーを閉じる
rd_rotate_pages	ページを回転
rd_continuous_scrolling	連続スクロール
rd_document_error_title	このドキュメントを開けませんでした
rd_try_again	もう一度試す
rd_go_to_page	ページへ移動
rd_previous_page	前のページ
rd_next_page	次のページ
rd_page_of	%1$d / %2$dページ
rd_page_number	%1$dページ
rd_download_folder_lost	このダウンロードは%1$sにありますが、%1$sへのアクセス権が削除されました。「ダウンロード」でフォルダーをもう一度選択してください。
rd_downloaded_document_missing	ダウンロードしたドキュメントがこの端末にありません。もう一度ダウンロードしてください。
rd_document_not_stored	閲覧用にドキュメントを保存できませんでした。
rd_supplementary_pdf	付属PDF
rd_format_not_available	%1$sの閲覧は、このプレビュー版ではまだ利用できません。サーバー上の読書位置は保持されています。
rd_ebook_not_available	この電子書籍の閲覧は、このプレビュー版ではまだ利用できません。サーバー上の読書位置は保持されています。
grp_unavailable_title	利用できないタイトル
grp_could_not_load_collections	コレクションを読み込めませんでした。
grp_could_not_load_playlists	プレイリストを読み込めませんでした。
grp_collections_unavailable	コレクションを利用できません
grp_playlists_unavailable	プレイリストを利用できません
grp_no_collections_yet	コレクションはまだありません
grp_no_playlists_yet	プレイリストはまだありません
grp_create_one_hint	作成すると、タイトルを好きな順番でまとめておけます。
grp_title_count:other	%1$d件のタイトル
grp_collection_deleted	このコレクションは削除されました。
grp_playlist_deleted	このプレイリストは削除されました。
grp_could_not_load	読み込めませんでした。
grp_collection_unavailable	コレクションを利用できません
grp_playlist_unavailable	プレイリストを利用できません
grp_nothing_in_collection_can_play	このコレクションには再生できるものがありません。
grp_nothing_in_playlist_can_play	このプレイリストには再生できるものがありません。
grp_could_not_start_playback	再生を開始できませんでした。
grp_resume	再開
grp_play_collection	コレクションを再生
grp_play_playlist	プレイリストを再生
grp_edit_collection	コレクションを編集
grp_edit_playlist	プレイリストを編集
grp_delete_collection	コレクションを削除
grp_delete_playlist	プレイリストを削除
grp_no_titles_yet	タイトルはまだありません
grp_delete_collection_question	コレクションを削除しますか？
grp_delete_playlist_question	プレイリストを削除しますか？
grp_delete_group_explanation	「%1$s」はサーバーから削除されます。含まれているタイトルは残ります。
grp_not_deleted	削除されませんでした: %1$s
grp_not_deleted_try_again	削除されませんでした: もう一度お試しください
grp_not_allowed_to_change_collection	お使いのサーバーアカウントには、このコレクションを変更する権限がありません。
grp_not_allowed_to_change_playlist	お使いのサーバーアカウントには、このプレイリストを変更する権限がありません。
grp_collection_no_longer_exists	このコレクションはもう存在しません。
grp_playlist_no_longer_exists	このプレイリストはもう存在しません。
grp_not_saved	保存されませんでした: %1$s
grp_not_saved_try_again	保存されませんでした: もう一度お試しください
grp_saving	保存中…
grp_create_collection	コレクションを作成
grp_create_playlist	プレイリストを作成
grp_save_changes	変更を保存
grp_choose_at_least_one_title	タイトルを1つ以上選択してください。
grp_order	順序
grp_move_up	%1$sを上に移動
grp_remove_member	%1$sを削除
grp_add_titles	タイトルを追加
grp_add_episodes_hint	ポッドキャストのエピソードページからエピソードを追加してください。
grp_add_to_playlist_or_collection	プレイリストまたはコレクションに追加
grp_add_to_playlist	プレイリストに追加
grp_add_to	追加先
grp_nothing_to_add_to	ここにはまだ追加先がありません。
grp_added_to	%1$sに追加しました
grp_not_added	追加されませんでした: %1$s
grp_not_added_try_again	追加されませんでした: もう一度お試しください
grp_already_included	追加済み
grp_close	閉じる
grp_titles_could_not_load	タイトルを読み込めませんでした
grp_nothing_here	何もありません
pod_feed_episodes	フィードのエピソード
pod_sort_newest_first	新しい順。タップすると古い順
pod_sort_oldest_first	古い順。タップすると新しい順
pod_episodes_queued:other	%1$d件のエピソードをサーバーのキューに追加しました: %2$s
pod_server_could_not_download	サーバーが「%1$s」をダウンロードできませんでした。
pod_dismiss	閉じる
pod_no_episodes_yet	エピソードはまだありません
pod_no_episodes_match_filter	この絞り込みに一致するエピソードはありません
pod_episode_details	エピソードの詳細
pod_untitled_episode	無題のエピソード
pod_play_named	%1$sを再生
pod_episode_not_available	エピソードを利用できません
pod_episode_may_have_been_removed	サーバーから削除された可能性があります。
pod_percent_listened	%1$d%% 聴取済み
pod_feed_could_not_open	フィードを開けませんでした。
pod_retry_feed	フィードを再試行
pod_no_feed_episodes	フィードにエピソードが見つかりません
pod_already_on_server	サーバーに登録済み
pod_selected	選択済み
pod_not_selected	未選択
pod_no_audio_enclosure	音声ファイルなし
pod_not_queued	キューに追加されませんでした: %1$s
pod_not_queued_try_again	キューに追加されませんでした: もう一度お試しください
pod_queueing_on_server	サーバーのキューに追加中…
pod_add_selected_episodes	選択したエピソードをサーバーに追加
pod_something_went_wrong	問題が発生しました。
pod_adding_not_available	ポッドキャストを追加できません
pod_adding_needs_permission	お使いのサーバーアカウントには、ポッドキャストライブラリーでのポッドキャスト管理権限が必要です。
pod_search_podcasts	ポッドキャストを検索
pod_or_rss_feed_url	またはRSSフィードURL
pod_enter_complete_feed_url	HTTPまたはHTTPSの完全なフィードURLを入力してください。
pod_preview_feed	フィードをプレビュー
pod_create_podcast	ポッドキャストを作成
pod_choose_different_feed	別のフィードを選択
item_something_went_wrong	問題が発生しました。もう一度お試しください。
item_feed_subscribe_at	ポッドキャストアプリでこのタイトルを購読できるアドレス:
item_copied	コピーしました
item_copy_address	アドレスをコピー
item_hidden_from_directories	ポッドキャストディレクトリに非表示
item_feed_public_warning	アドレスを知っている人は誰でも、サインインせずにこのタイトルを聴くことができます。
item_feed_name	フィード名
item_feed_name_rule	英字、数字、- と _ のみ
item_hide_from_directories	ポッドキャストディレクトリに表示しない
item_done	完了
item_sending	送信中…
item_sent_to	%1$sに送信しました
item_send_ebook_explanation	選択したデバイスに、サーバーが電子書籍をメールで送信します。
item_ereader_or_ebook_gone	%1$sまたはこの電子書籍は、サーバー上で利用できなくなりました。何も送信されていません。
item_not_sent_to	%1$sに送信されませんでした。%2$s
item_not_saved_try_again	保存されませんでした。もう一度お試しください。
item_mark_unfinished	未完了にする
item_discard_uncertain	このタイトルの進捗の以前の保存に応答がなく、まだサーバーに届く可能性があります。破棄の後に届いた場合、進捗が元に戻ります。届くかどうかを、サーバーがこのアプリに伝えることはできません。
item_discard_anyway	それでも破棄
item_discard_under_way	この破棄はすでに進行中のため、取り消せません。
item_keep_progress	進捗を残す
item_discard_pending	進捗を破棄しています。サーバーに接続でき、このタイトルの再生記録が送信されると完了します。
item_discard_anyway_question	それでも破棄しますか？
item_discard_anyway_explanation	進捗は今すぐ削除されます。以前の保存が後からサーバーに届いた場合、このタイトルの進捗は元に戻りますが、もう一度破棄できます。
item_discard	破棄
item_discard_progress_question	進捗を破棄しますか？
item_discard_progress_explanation	このタイトルの再生位置と完了状態が、すべての端末に対してサーバーから削除されます。
item_could_not_load	このタイトルを読み込めませんでした
item_narrated_by	ナレーター
item_series	シリーズ: %1$s
item_series_with_sequence	シリーズ: %1$s #%2$s
item_episode_count:other	%1$dエピソード
item_listened_and_left	%1$d%% 聴取済み · 残り%2$s
item_chapter_number	チャプター%1$d
pl_minimize_player	プレーヤーを最小化
pl_nothing_playing	再生中のものはありません
pl_chapter_number	チャプター%1$d
pl_try_again	もう一度試す
pl_speed_value	速度 %1$s
pl_sleep	スリープ
pl_position_of_duration	%1$s / %2$s
pl_buffering	バッファリング中
pl_previous_chapter	前のチャプター
pl_next_chapter	次のチャプター
pl_jump_forward_seconds:other	%1$d秒早送り
pl_jump_back_seconds:other	%1$d秒巻き戻し
pl_jump_forward_minutes:other	%1$d分早送り
pl_jump_back_minutes:other	%1$d分巻き戻し
pl_open_player	プレーヤーを開く
pl_playback_stopped	再生が停止しました
pl_listening_unsaved	一部の再生記録がまだこの端末に保存されていません。記録は保持され、ストレージに空きができ次第保存されます。
pl_playing	再生中
pl_resume	再開
pl_streaming_cellular_refused	モバイルデータでのストリーミングは設定でオフになっています。Wi-Fiに接続するか、先にこのタイトルをダウンロードしてください。
pl_stream_cellular_title	モバイルデータでストリーミングしますか？
pl_stream_cellular_message	従量制の接続を使用しています。これは設定で変更できます。
pl_not_now	後で
pl_sleep_stops_end_of_chapter	このチャプターの終わり（%1$s後）に停止します
pl_sleep_stops_in	%1$s後に停止します
pl_sleep_minus_minutes	−%1$d分
pl_sleep_plus_minutes	+%1$d分
pl_sleep_minutes	%1$d分
pl_sleep_turn_off	オフにする
pl_bookmark_not_saved_reason	ブックマークは保存されませんでした: %1$s
pl_bookmark_not_saved	ブックマークは保存されませんでした: もう一度お試しください
pl_bookmark_add_at	%1$sに追加
pl_bookmark_go_to	ブックマークへ移動
pl_bookmark_default	ブックマーク
pl_bookmark_rename_named	%1$sの名前を変更
pl_bookmark_delete_named	%1$sを削除
pl_bookmark_at	%1$sのブックマーク
pl_bookmark_rename	ブックマークの名前を変更
pl_bookmark_new	新しいブックマーク
pl_untitled	無題
pl_playback_stopped_reason	再生が停止しました: %1$s。再生位置は保持されています。
pl_playback_stopped_unknown	再生が停止しました: オーディオを読み込めませんでした。再生位置は保持されています。
pl_no_playable_audio	このアイテムには再生可能なオーディオがありません。
pl_could_not_start	再生を開始できませんでした。
pl_listening_save_failed	再生記録をこの端末に保存できなかったため、再生を一時停止しました。空き容量を確保して、もう一度お試しください。
cast_casting_to	%1$sにキャスト中
cast_cast	キャスト
cast_playing_on	%1$sで再生中
cast_connecting_to	%1$sに接続中…
cast_playing_on_phone	このスマートフォンで再生中
cast_stop	キャストを停止
cast_looking	キャストデバイスを検索中…
cast_none_found	キャストデバイスが見つかりません。受信機の電源が入っていて、このスマートフォンと同じWi-Fiネットワークに接続されていることを確認してください。
cast_close	閉じる
cast_download_not_castable	ダウンロードしたコピーはこのスマートフォンでのみ再生できます。ここで聴くにはキャストを停止するか、代わりにタイトルをストリーミングしてください。
cast_resumed_without_title	キャスト中にアプリが再起動したため、キャストが停止しました。このスマートフォンが最後に保存した位置から聴き続けるには、タイトルをもう一度開いてください。
cast_needs_play_services	キャストにはGoogle Play開発者サービスが必要ですが、この端末にはないか、更新が必要です。
cast_could_not_start	この端末でキャストを開始できませんでした: %1$s。
cast_connect_failed_named	%1$sに接続できませんでした。電源が入っていて、このスマートフォンと同じWi-Fiネットワークに接続されていることを確認してください。
cast_connect_failed	受信機に接続できませんでした。電源が入っていて、このスマートフォンと同じWi-Fiネットワークに接続されていることを確認してください。
cast_connection_lost_named	%1$sとの接続が切断されました。再生はこのスマートフォンで続行されます。
cast_connection_lost	受信機との接続が切断されました。再生はこのスマートフォンで続行されます。
auto_continue	続き
auto_recent	最近
auto_discovery	おすすめ
auto_authors_count:other	%1$d人の作者
auto_series_count:other	%1$dシリーズ
lib_books_count:other	%1$d冊
lib_items_count:other	%1$d件のアイテム
lib_filter_no_series	シリーズなし
lib_selected	選択済み
lib_all_filters	すべての絞り込み
lib_nothing_to_filter	ここには絞り込みの条件がありません。
lib_sort_descending_switch	降順。切り替えると昇順
lib_sort_ascending_switch	昇順。切り替えると降順
lib_sort_descending	降順
lib_sort_ascending	昇順
lib_unavailable	ライブラリーを利用できません
lib_unavailable_message	%1$s アカウントと未送信の再生記録は保持されています。
lib_heading_with_total	%1$s · %2$d
lib_show_covers	表紙を表示
lib_show_list	リストを表示
lib_filtered	絞り込み中
lib_empty_title	まだ何もありません
lib_empty_message	このライブラリーには、アクセスできるアイテムがありません。
lib_page_error	続きのタイトルを読み込めませんでした
lib_card_finished	%1$s、完了
lib_card_percent_listened	%1$s、%2$dパーセント聴取済み
lib_search_in	%1$sを検索
lib_search_library	ライブラリーを検索
lib_clear_search	検索をクリア
lib_search_failed	検索に失敗しました
lib_search_idle_title	聴きたいものを探しましょう
lib_search_idle_message	タイトル、作者、シリーズ、ナレーター、エピソードを検索できます。
lib_search_no_match	「%1$s」に一致するものはありません。単語を減らすか、別の表記で試してください。
err_invalid_server	http:// または https:// で始まるサーバーアドレスを入力してください（例: https://books.example.com/abs）。
err_unsafe_media_url	サーバーがこのサーバー外のメディアアドレスを返したため、開きませんでした。
err_sign_in_required	セッションが無効になりました。もう一度サインインしてください。未送信の再生記録は保持されています。
err_untrusted	サーバーの証明書はこの端末で信頼されていません。Androidの「設定 > セキュリティ > 暗号化と認証情報」でサーバーの認証局をインストールしてから、もう一度お試しください。
err_offline	サーバーに接続できませんでした。アドレスまたは接続を確認して、もう一度お試しください。
err_forbidden	お使いのアカウントには、この操作を行う権限がありません。
err_not_found	このコンテンツはサーバー上で利用できなくなりました。
err_server_problem	サーバーで一時的な問題が発生しました（HTTP %1$d）。もう一度お試しください。
err_rejected	サーバーがリクエストを拒否しました（HTTP %1$d）。
err_invalid_response	サーバーから、このアプリで読み取れない応答が返されました。
err_no_audio	このアイテムには再生可能なオーディオがありません。
err_login_rejected	ユーザー名またはパスワードが受け付けられませんでした。
err_publications_unreadable	応答のない進捗書き込みの記録を読み込めませんでした。先に「診断」で解決してください。
err_discards_unreadable	保存された進捗の破棄を読み込めませんでした。先に「診断」で解決してください。
