# Tamil drafts for strings the legacy app lacks: machine-drafted, not reviewed by a native speaker.
title_accounts	கணக்குகள்
title_new_collection	புதிய தொகுப்பு
action_retry	மீண்டும் முயலவும்
action_read	%1$s படிக்கவும்
action_mark_finished	முடிந்ததாகக் குறிக்கவும்
choose_library	நூலகத்தைத் தேர்ந்தெடுக்கவும்
all_titles	அனைத்துத் தலைப்புகளும்
all_podcasts	அனைத்துப் பாட்காச்ட்களும்
filter	வடிகட்டு
sort	வரிசைப்படுத்து
theme_system	அமைப்பு
screen_orientation	திரை நோக்குநிலை
jump_forward	முன்னோக்கித் தாவு
jump_back	பின்னோக்கித் தாவு
set_settings_not_saved	இந்தச் சாதனத்தில் அமைப்புகளைச் சேமிக்க முடியவில்லை, எனவே எதுவும் மாறவில்லை. சிறிது சேமிப்பிடத்தை விடுவித்து மீண்டும் முயலவும்.
set_orientation_follow_device	சாதனத்தைப் பின்பற்று
set_orientation_portrait	நீளவாக்கு
set_orientation_landscape	அகலவாக்கு
set_haptic_light	மென்மையானது
set_rewind_on_resume	தொடரும்போது சற்றுப் பின்னோக்கிச் செல்
set_rewind_on_resume_detail	இடைநிறுத்தத்துக்குப் பிறகு சில வினாடிகள் பின்னோக்கிச் செல்லும்; நீண்ட இடைநிறுத்தத்துக்குப் பிறகு அதிகமாக.
set_seek_system_controls	அமைப்புக் கட்டுப்பாடுகளிலிருந்து நிலையை மாற்று
set_seek_system_controls_detail	பூட்டுத் திரையும் அறிவிப்பும் நிலைப் பட்டையை நகர்த்த அனுமதிக்கிறது.
set_mp3_index_seeking	துல்லியமான MP3 தேடல்
set_mp3_index_seeking_detail	நம்பகமற்ற நீளம் கொண்ட MP3 கோப்புகளுக்குத் தேடல் குறியீட்டை உருவாக்குகிறது. தேடல் மெதுவாகத் தொடங்கும்.
set_shake_to_reset	மீட்டமைக்கக் குலுக்கவும்
set_shake_to_reset_detail	டைமர் இயங்கும்போது தொலைபேசியைக் குலுக்கினால் அது மீண்டும் தொடங்கும்.
set_sleep_fade_out	ஒலியைப் படிப்படியாகக் குறை
set_sleep_fade_out_detail	கடைசி நிமிடத்தில் ஒலியளவைக் குறைக்கிறது.
set_vibrate_on_reset	மீட்டமைக்கும்போது அதிர்வு
set_auto_sleep_timer_detail	%1$s முதல் %2$s வரை இயக்கும்போது டைமரைத் தொடங்குகிறது.
set_heading_mobile_data	மொபைல் தரவு
set_storage	சேமிப்பகம்
set_heading_support	உதவி
set_diagnostics	கண்டறிதல்
set_something_went_wrong	ஏதோ தவறு நடந்தது.
set_statistics_unavailable	புள்ளிவிவரங்கள் கிடைக்கவில்லை
set_try_again	மீண்டும் முயலவும்
set_minutes_listened:one	%1$d நிமிடம் கேட்கப்பட்டது
set_minutes_listened:other	%1$d நிமிடங்கள் கேட்கப்பட்டன
set_days_listened:one	%1$d நாள் கேட்கப்பட்டது
set_days_listened:other	%1$d நாட்கள் கேட்கப்பட்டன
set_titles_finished:one	%1$d தலைப்பு முடிந்தது
set_titles_finished:other	%1$d தலைப்புகள் முடிந்தன
set_day_minutes_listened:one	%1$s, %2$d நிமிடம் கேட்கப்பட்டது
set_day_minutes_listened:other	%1$s, %2$d நிமிடங்கள் கேட்கப்பட்டன
set_set_aside_failed	ஒதுக்கி வைக்க முடியவில்லை. மீண்டும் முயலவும்.
set_connection	இணைப்பு
set_diagnostics_area_media	மீடியா
set_diagnostics_area_sync	ஒத்திசைவு
set_unreadable_resets_title	சேமிக்கப்பட்ட முன்னேற்ற நிராகரிப்புகளைப் படிக்க முடியவில்லை
set_unreadable_resets_detail	எந்தத் தலைப்பும் அவற்றில் இருக்கலாம், எனவே நீங்கள் முடிவு செய்யும் வரை எதுவும் இயங்காது, எந்த வாசிப்பு நிலையும் அனுப்பப்படாது. அவற்றை ஒதுக்கி வைத்தால் கோப்பு இந்தச் சாதனத்திலேயே இருக்கும், அவை நிராகரிக்கவிருந்த முன்னேற்றம் உங்கள் சேவையகத்தில் தொடர்ந்து இருக்கும்.
set_set_them_aside	அவற்றை ஒதுக்கி வை
set_listening_storage_title	பயன்பாடு மூடப்படுவதற்கு முந்தைய கேட்டலைச் சேமிக்க முடியவில்லை
set_listening_storage_detail	இந்தச் சாதனத்தின் சேமிப்பகம் கிடைக்கவில்லை அல்லது நிரம்பியுள்ளது. அது சேமிக்கப்படும் வரை எதுவும் இயங்காது, எந்தக் கேட்டலும் அனுப்பப்படாது; அதுவரை அது வைக்கப்படும்.
set_unreadable_writes_title	பதில் கிடைக்காத முன்னேற்றச் சேமிப்புகளின் பதிவுகளைப் படிக்க முடியவில்லை
set_unreadable_writes_detail	எந்தத் தலைப்பின் சேமிப்பும் இன்னும் உங்கள் சேவையகத்தை அடையக்கூடும், எனவே நீங்கள் முடிவு செய்யும் வரை கேட்டலோ வாசிப்போ அனுப்பப்படாது, எந்த முன்னேற்றமும் நிராகரிக்கப்படாது. அவற்றை ஒதுக்கி வைத்தால் கோப்பு இந்தச் சாதனத்திலேயே இருக்கும்; தாமதமாக வரும் சேமிப்பு நீங்கள் நிராகரிக்கும் முன்னேற்றத்தைத் திரும்பக் கொண்டுவரக்கூடும்.
set_diagnostics_server	சேவையகம் %1$s
set_diagnostics_signed_in_as	%1$s ஆக உள்நுழைந்துள்ளீர்கள்
set_diagnostics_app_version	பயன்பாடு %1$s
set_recent_problems	அண்மைச் சிக்கல்கள்
set_clear	அழி
set_no_problems	இந்தச் சாதனத்தில் எந்தச் சிக்கலும் பதிவாகவில்லை.
set_unreadable_writes_confirm_title	படிக்க முடியாத பதிவுகளை ஒதுக்கி வைக்கவா?
set_unreadable_writes_confirm_detail	கேட்டல் மற்றும் வாசிப்பு நிலைகள் மீண்டும் அனுப்பப்படும், நிராகரிப்புகள் தொடரலாம்.
set_set_aside	ஒதுக்கி வை
set_unreadable_resets_confirm_title	படிக்க முடியாத நிராகரிப்புகளை ஒதுக்கி வைக்கவா?
set_unreadable_resets_confirm_detail	தலைப்புகள் இயங்கும், வாசிப்பு நிலைகள் மீண்டும் அனுப்பப்படும். இன்னும் தொடக்கத்திலிருந்து தொடங்க விரும்பும் தலைப்புகளுக்கு முன்னேற்றத்தை மீண்டும் நிராகரிக்கவும்.
set_signed_in	உள்நுழைந்துள்ளீர்கள்
set_other_accounts	பிற கணக்குகள்
set_server_sign_in_required	%1$s · உள்நுழைவு தேவை
set_remove_account	%1$s ஐ அகற்று
set_switch_to_account	இந்தக் கணக்குக்கு மாறு
set_add_account	கணக்கைச் சேர்
set_sign_out_of	%1$s இலிருந்து வெளியேறு
set_sign_out_detail	இந்தக் கணக்கைச் சாதனத்திலிருந்து அகற்றுகிறது. அதன் பதிவிறக்கங்களும் அனுப்பப்படாத கேட்டலும் அது மீண்டும் உள்நுழையும் வரை இருக்கும்.
set_accounts_footer	ஒவ்வொரு கணக்கும் தனக்கென முன்னேற்றம், பதிவிறக்கங்கள், நூலகத் தேர்வு ஆகியவற்றை வைத்திருக்கும். மாறுவது அவற்றை ஒருபோதும் கலக்காது.
set_remove_account_confirm	%1$s ஐ அகற்றவா?
set_remove_account_detail	பின்னர் இந்தக் கணக்கை மீண்டும் சேர்க்கலாம். அதன் பதிவிறக்கங்களும் அனுப்பப்படாத கேட்டலும் இந்தச் சாதனத்திலேயே இருக்கும்.
set_add_an_account	ஒரு கணக்கைச் சேர்
set_connect_intro	உங்கள் சொந்தச் சேவையகத்துடன் நேரடியாக இணைக்கவும். எதுவும் வேறு சேவை வழியாகச் செல்லாது.
set_change_server	சேவையகத்தை மாற்று
set_sign_in	உள்நுழை
set_sign_in_openid	OpenID மூலம் உள்நுழை
set_saved_accounts	சேமிக்கப்பட்ட கணக்குகள்
set_use_account	பயன்படுத்து
set_edit	திருத்து
set_add_podcast	பாட்காச்ட் சேர்
set_not_available_yet	இன்னும் கிடைக்கவில்லை
set_not_available_yet_detail	முன்னோட்டத்தின் இந்தப் பகுதி இன்னும் உருவாக்கப்பட்டு வருகிறது.
set_import_previous_app	முந்தைய பயன்பாட்டிலிருந்து இறக்குமதி செய்
set_import_interrupted	ஓர் இறக்குமதி முடியவில்லை. நின்ற இடத்திலிருந்து தொடர அதே ஏற்றுமதியைத் தேர்ந்தெடுக்கவும்.
set_import_already	இந்த ஏற்றுமதி ஏற்கனவே இறக்குமதி செய்யப்பட்டது. அதிலுள்ள தலைப்புகள், கேட்டல், நிலைகள் இந்தச் சாதனத்தில் உள்ளன.
set_import_preflight	%1$s\nமுந்தைய பயன்பாடும் இந்தக் கோப்பும் படிக்கப்பட மட்டுமே செய்யும்; அவற்றில் எதுவும் மாறாது. ஒரு கணக்கு இங்கே உள்நுழைந்ததும் தலைப்புகள், கேட்டல், நிலைகள் அதனுடன் இணைக்கப்படும். கடவுச்சொற்கள் ஏற்றுமதியில் இல்லை, எனவே ஒவ்வொரு கணக்கும் மீண்டும் உள்நுழைய வேண்டும்.
set_import_account_signed_in	%1$s · உள்நுழைந்துள்ளது
set_import_account_sign_in_later	%1$s · இறக்குமதிக்குப் பிறகு உள்நுழையவும்
set_import_titles	தலைப்புகள்
set_import_title_partial	%1$s · மீதமுள்ளவை மீண்டும் பதிவிறக்கப்படும்
set_not_imported	இறக்குமதி செய்யப்படவில்லை
set_import_space	%1$s தேவை; %2$s காலியாக உள்ளது.
set_import_no_space	இந்தச் சாதனத்தில் போதுமான காலி இடம் இல்லை. சிறிது இடத்தை விடுவித்து, பின்னர் ஏற்றுமதியை மீண்டும் தேர்ந்தெடுக்கவும்.
set_import_progress	கோப்புகள் நகலெடுக்கப்படுகின்றன: %2$d இல் %1$d. பயன்பாடு மூடப்பட்டால், தொடர அதே ஏற்றுமதியை மீண்டும் தேர்ந்தெடுக்கவும்.
set_import_done	%1$d தலைப்புகள், %2$d கேட்கும் அமர்வுகள், %3$d நிலைகள் இறக்குமதி செய்யப்பட்டன. முந்தைய பயன்பாட்டின் அமைப்புகள் பயன்படுத்தப்பட்டன.
set_import_waiting	அதன் தலைப்புகள், கேட்டல், நிலைகளை இணைக்க %1$s இல் %2$s ஆக உள்நுழையவும்.
set_import	இறக்குமதி செய்
set_continue	தொடர்
set_close	மூடு
set_import_file_unreadable	தேர்ந்தெடுத்த கோப்பைப் படிக்க முடியவில்லை. அதை மீண்டும் தேர்ந்தெடுக்கவும், அல்லது முதலில் இந்தச் சாதனத்தில் சேமிக்கவும்.
set_import_stopped	இறக்குமதி முடிவதற்கு முன் நின்றுவிட்டது. எதுவும் இழக்கப்படவில்லை: நின்ற இடத்திலிருந்து தொடர அதே ஏற்றுமதியை மீண்டும் தேர்ந்தெடுக்கவும்.
set_import_item_gone	இது இனி சேவையகத்தில் இல்லை, எனவே ஏற்கப்படவில்லை.
set_import_file_changed	இறக்குமதிக்குப் பிறகு இந்தச் சாதனத்தில் ஒரு கோப்பு மாறியது, எனவே அது சேவையகத்திலிருந்து மீண்டும் பதிவிறக்கப்படுகிறது.
set_openid_not_enabled	இந்தச் சேவையகத்தில் OpenID உள்நுழைவு இயக்கப்படவில்லை. உங்கள் பயனர் பெயரையும் கடவுச்சொல்லையும் பயன்படுத்தவும்.
set_openid_canceled	உலாவி உள்நுழைவு ரத்துசெய்யப்பட்டது. உங்கள் சேமிக்கப்பட்ட கணக்குகள் வைக்கப்பட்டுள்ளன.
set_openid_invalid	உலாவி உள்நுழைவுப் பதிலைச் சரிபார்க்க முடியவில்லை. மீண்டும் உள்நுழைய முயன்று, சேவையகத்தின் OpenID திசைதிருப்பல் அமைப்புகளைச் சரிபார்க்கவும்.
set_vault_unreadable	சேமிக்கப்பட்ட உள்நுழைவுகளை மறைவிலக்க முடியவில்லை. அவை சாதனத்திலேயே வைக்கப்பட்டுள்ளன; தொடர மீண்டும் உள்நுழையவும்.
set_session_ended	%1$s க்கான உங்கள் அமர்வு முடிந்தது. மீண்டும் உள்நுழையவும்; அனுப்பப்படாத கேட்டலும் பதிவிறக்கங்களும் வைக்கப்பட்டுள்ளன.
set_play_blocked_listening_storage	சேமிப்பகம் கிடைக்காததால் பயன்பாடு மூடப்படுவதற்கு முந்தைய கேட்டலைச் சேமிக்க முடியவில்லை, எனவே அது சாத்தியமாகும் வரை எதுவும் இயங்காது. சிறிது இடத்தை விடுவித்து, மீண்டும் முயலவும்.
set_play_blocked_unreadable_resets	சேமிக்கப்பட்ட முன்னேற்ற நிராகரிப்புகளைப் படிக்க முடியவில்லை, எனவே கண்டறிதலில் அவை தீர்க்கப்படும் வரை எதுவும் இயங்காது.
set_play_blocked_discarding	இந்தத் தலைப்பின் முன்னேற்றம் இன்னும் நிராகரிக்கப்பட்டு வருகிறது. அது முடிந்ததும் தொடக்கத்திலிருந்து இயங்கும்.
dl_not_saved	இந்தச் சாதனத்தில் பதிவிறக்கப் பட்டியலைச் சேமிக்க முடியவில்லை, எனவே எதுவும் மாறவில்லை. சிறிது சேமிப்பிடத்தை விடுவித்து மீண்டும் முயலவும்.
dl_not_allowed	உங்கள் கணக்குக்குப் பதிவிறக்க அனுமதி இல்லை.
dl_no_audio	இந்த உருப்படியில் பதிவிறக்க ஆடியோ இல்லை.
dl_no_space	அமைப்புக்குத் தேவையான சேமிப்பிடத்தை விட்டுவைத்தால், %1$s க்கு இந்தச் சாதனத்தில் போதுமான காலி இடம் இல்லை.
dl_folder_lost_nothing_downloaded	%1$s க்கான அணுகல் அகற்றப்பட்டது, எனவே எதுவும் பதிவிறக்கப்படவில்லை. அமைப்புகளில் பதிவிறக்கக் கோப்புறையை மீண்டும் தேர்ந்தெடுக்கவும்.
dl_downloading_percent	பதிவிறக்குகிறது %1$d%%
dl_cancel_download	பதிவிறக்கத்தை ரத்துசெய்
dl_downloaded_plays_offline	பதிவிறக்கப்பட்டது · இணைப்பின்றி இயங்கும்
dl_failed	பதிவிறக்கம் தோல்வியடைந்தது.
dl_discard	நிராகரி
dl_cellular_title	மொபைல் தரவில் பதிவிறக்கவா?
dl_cellular_message	நீங்கள் அளவிடப்பட்ட இணைப்பில் உள்ளீர்கள். இதை அமைப்புகளில் மாற்றலாம்.
dl_not_now	இப்போது வேண்டாம்
dl_folder_cannot_be_kept	அந்தக் கோப்புறையைப் பதிவிறக்கங்களுக்கு வைத்திருக்க முடியாது. வேறொன்றைத் தேர்ந்தெடுக்கவும்.
dl_saved_in_folder	பதிவிறக்கங்கள் %1$s இல் சேமிக்கப்படுகின்றன
dl_saved_in_app_storage	பதிவிறக்கங்கள் பயன்பாட்டுச் சேமிப்பகத்தில் சேமிக்கப்படுகின்றன
dl_folder_visible_to_other_apps	இந்தச் சாதனத்திலுள்ள பிற பயன்பாடுகள் இந்தக் கோப்புகளைப் பார்க்க முடியும். மாற்றத்துக்கு முன் செய்த பதிவிறக்கங்கள் அவை இருக்கும் இடத்திலேயே இருக்கும்.
dl_folder_private_to_app	இந்தப் பயன்பாடு மட்டுமே இந்தக் கோப்புகளைப் பார்க்க முடியும். பிற பயன்பாடுகள் அணுகக்கூடிய இடத்தில் பதிவிறக்கங்களை வைக்க ஒரு கோப்புறையைத் தேர்ந்தெடுக்கவும்.
dl_choose_folder	கோப்புறையைத் தேர்ந்தெடு
dl_use_app_storage	பயன்பாட்டுச் சேமிப்பகத்தைப் பயன்படுத்து
dl_ebook_missing	மின்புத்தகம் இந்தச் சாதனத்தில் இல்லை. அதைத் திறக்க மீண்டும் பதிவிறக்கவும்.
dl_no_app_opens_format	இந்தச் சாதனத்தில் எந்தப் பயன்பாடும் %1$s கோப்புகளைத் திறக்காது. அவற்றைத் திறக்கும் ஒன்றை நிறுவி மீண்டும் முயலவும்.
dl_no_app_opens_this_kind	இந்தச் சாதனத்தில் எந்தப் பயன்பாடும் இந்த வகைக் கோப்புகளைத் திறக்காது. அவற்றைத் திறக்கும் ஒன்றை நிறுவி மீண்டும் முயலவும்.
dl_folder_lost_choose_again_open	இந்தப் பதிவிறக்கம் %1$s இல் உள்ளது, %1$s க்கான அணுகல் அகற்றப்பட்டது. இதைத் திறக்க %1$s ஐ மீண்டும் தேர்ந்தெடுக்கவும்.
dl_folder_lost_choose_again_play	இந்தப் பதிவிறக்கம் %1$s இல் உள்ளது, %1$s க்கான அணுகல் அகற்றப்பட்டது. இதை இயக்க %1$s ஐ மீண்டும் தேர்ந்தெடுக்கவும்.
dl_names_or	%1$s அல்லது %2$s
dl_names_and	%1$s மற்றும் %2$s
dl_remove_title	பதிவிறக்கத்தை அகற்றவா?
dl_remove_message	"%1$s" இந்தச் சாதனத்திலிருந்து அகற்றப்படும். உங்கள் கேட்டல் முன்னேற்றம் வைக்கப்படும்.
dl_keep	வைத்திரு
dl_not_that_folder	அது %1$s அல்ல. இந்தப் பதிவிறக்கங்கள் உள்ள கோப்புறையைத் தேர்ந்தெடுக்கவும்.
dl_folder_access_not_kept	அந்தக் கோப்புறைக்கான அணுகலை வைத்திருக்க முடியவில்லை. மீண்டும் முயலவும்.
dl_no_downloads	பதிவிறக்கங்கள் இல்லை
dl_no_downloads_message	இணைப்பின்றிக் கேட்க, புத்தகங்களையோ எபிசோட்களையோ அவற்றின் பக்கத்திலிருந்து பதிவிறக்கவும்.
dl_access_removed_title	%1$s க்கான அணுகல் அகற்றப்பட்டது
dl_downloads_kept_there:one	%1$d பதிவிறக்கம் அங்கே உள்ளது. அதை இயக்கவும் திறக்கவும் %2$s ஐ மீண்டும் தேர்ந்தெடுக்கவும்.
dl_downloads_kept_there:other	%1$d பதிவிறக்கங்கள் அங்கே உள்ளன. அவற்றை இயக்கவும் திறக்கவும் %2$s ஐ மீண்டும் தேர்ந்தெடுக்கவும்.
dl_choose_again	%1$s ஐ மீண்டும் தேர்ந்தெடு
dl_some_files_missing	சில கோப்புகள் இந்தச் சாதனத்தில் இல்லை
dl_size_in_folder	%2$s இல் %1$s
dl_open_in_another_app	%1$s ஐ வேறொரு பயன்பாட்டில் திற
dl_download_again_named	%1$s ஐ மீண்டும் பதிவிறக்கு
dl_the_chosen_folder	தேர்ந்தெடுத்த கோப்புறை
dl_files_missing_play	இந்தப் பதிவிறக்கத்தின் சில கோப்புகள் இந்தச் சாதனத்தில் இல்லை. இதை இயக்க மீண்டும் பதிவிறக்கவும்.
dl_play_named	%1$s ஐ இயக்கு
dl_retry_named	%1$s ஐ மீண்டும் முயல்
dl_cancel_named	%1$s ஐ ரத்துசெய்
dl_remove_named	%1$s ஐ அகற்று
dl_sign_in_again	பதிவிறக்க இந்தக் கணக்கில் மீண்டும் உள்நுழையவும்.
dl_folder_lost_choose_in_downloads	%1$s க்கான அணுகல் அகற்றப்பட்டது. பதிவிறக்கங்களில் கோப்புறையை மீண்டும் தேர்ந்தெடுக்கவும்.
dl_connection_interrupted	இணைப்பு துண்டிக்கப்பட்டது.
dl_error_retrying	%1$s மீண்டும் முயல்கிறது…
dl_server_refused	சேவையகம் பதிவிறக்கத்தை மறுத்தது.
dl_server_sent_type_not_audio	சேவையகம் ஆடியோவுக்குப் பதிலாக %1$s ஐ அனுப்பியது, எனவே எதுவும் சேமிக்கப்படவில்லை. உங்கள் சேவையகம் அல்லது பதிலியைச் சரிபார்த்து மீண்டும் முயலவும்.
dl_server_sent_unknown_not_audio	சேவையகம் ஆடியோவுக்குப் பதிலாகத் தெரியாத பதிலை அனுப்பியது, எனவே எதுவும் சேமிக்கப்படவில்லை. உங்கள் சேவையகம் அல்லது பதிலியைச் சரிபார்த்து மீண்டும் முயலவும்.
dl_size_mismatch	பதிவிறக்கிய கோப்பு %1$d பைட்டுகள், ஆனால் சேவையகம் %2$d எனக் குறிப்பிட்டது, எனவே அது நிராகரிக்கப்பட்டது. மீண்டும் பதிவிறக்க மீண்டும் முயலவும்.
dl_server_sent_not_pdf	சேவையகம் PDF அல்லாத ஒன்றை அனுப்பியது, எனவே எதுவும் சேமிக்கப்படவில்லை. உங்கள் சேவையகம் அல்லது பதிலியைச் சரிபார்த்து மீண்டும் முயலவும்.
dl_notification_downloading	%1$s பதிவிறக்கப்படுகிறது
rd_positions_not_restored	சேமிக்கப்பட்ட வாசிப்பு நிலைகளை மீட்டெடுக்க முடியவில்லை, எனவே பக்கங்கள் சேமிக்கப்படவில்லை. அசல் தரவு வைக்கப்பட்டுள்ளது.
rd_positions_not_overwritten	சேமிக்கப்பட்ட வாசிப்பு நிலைகளைப் படிக்க முடியவில்லை, எனவே அவை மேலெழுதப்படவில்லை.
rd_not_a_pdf	இந்தக் கோப்பு இந்தச் சாதனம் திறக்கக்கூடிய PDF அல்ல.
rd_document_not_opened	ஆவணத்தைத் திறக்க முடியவில்லை.
rd_page_not_saved	இந்தப் பக்கத்தை இந்தச் சாதனத்தில் சேமிக்க முடியவில்லை.
rd_choice_not_saved	உங்கள் தேர்வை இந்தச் சாதனத்தில் சேமிக்க முடியவில்லை.
rd_conflict_title	எங்கிருந்து தொடர்வது?
rd_conflict_page	இங்குள்ள பக்கம் %2$d இன்னும் சேவையகத்தில் சேமிக்கப்படாத நிலையில், வேறொரு சாதனம் பக்கம் %1$d ஐ அடைந்தது.
rd_conflict_location	இங்குள்ள பக்கம் %1$d இன்னும் சேவையகத்தில் சேமிக்கப்படாத நிலையில், இந்த வாசிப்பான் பக்கமாகக் காட்ட முடியாத ஒரு வாசிப்பு நிலையை வேறொரு சாதனம் சேமித்தது.
rd_go_to_page_number	பக்கம் %1$d க்குச் செல்
rd_keep_other_position	மற்ற நிலையை வைத்திரு
rd_stay_on_page	பக்கம் %1$d இலேயே இரு
rd_close_reader	வாசிப்பானை மூடு
rd_rotate_pages	பக்கங்களைச் சுழற்று
rd_continuous_scrolling	தொடர் உருட்டல்
rd_document_error_title	இந்த ஆவணத்தைத் திறக்க முடியவில்லை
rd_try_again	மீண்டும் முயலவும்
rd_go_to_page	பக்கத்துக்குச் செல்
rd_previous_page	முந்தைய பக்கம்
rd_next_page	அடுத்த பக்கம்
rd_page_of	பக்கம் %1$d / %2$d
rd_page_number	பக்கம் %1$d
rd_download_folder_lost	இந்தப் பதிவிறக்கம் %1$s இல் உள்ளது, %1$s க்கான அணுகல் அகற்றப்பட்டது. பதிவிறக்கங்களில் கோப்புறையை மீண்டும் தேர்ந்தெடுக்கவும்.
rd_downloaded_document_missing	பதிவிறக்கிய ஆவணம் இந்தச் சாதனத்தில் இல்லை. மீண்டும் பதிவிறக்கவும்.
rd_document_not_stored	வாசிப்பதற்காக ஆவணத்தைச் சேமிக்க முடியவில்லை.
rd_supplementary_pdf	துணை PDF
rd_format_not_available	%1$s ஐப் படிப்பது இந்த முன்னோட்டத்தில் இன்னும் கிடைக்கவில்லை. சேவையகத்திலுள்ள உங்கள் வாசிப்பு நிலை வைக்கப்பட்டுள்ளது.
rd_ebook_not_available	இந்த மின்புத்தகத்தைப் படிப்பது இந்த முன்னோட்டத்தில் இன்னும் கிடைக்கவில்லை. சேவையகத்திலுள்ள உங்கள் வாசிப்பு நிலை வைக்கப்பட்டுள்ளது.
grp_unavailable_title	கிடைக்காத தலைப்பு
grp_could_not_load_collections	தொகுப்புகளை ஏற்ற முடியவில்லை.
grp_could_not_load_playlists	பிளேலிச்ட்களை ஏற்ற முடியவில்லை.
grp_collections_unavailable	தொகுப்புகள் கிடைக்கவில்லை
grp_playlists_unavailable	பிளேலிச்ட்கள் கிடைக்கவில்லை
grp_no_collections_yet	இன்னும் தொகுப்புகள் இல்லை
grp_no_playlists_yet	இன்னும் பிளேலிச்ட்கள் இல்லை
grp_create_one_hint	தலைப்புகளை உங்கள் சொந்த வரிசையில் ஒன்றாக வைக்க ஒன்றை உருவாக்கவும்.
grp_title_count:one	%1$d தலைப்பு
grp_title_count:other	%1$d தலைப்புகள்
grp_collection_deleted	இந்தத் தொகுப்பு நீக்கப்பட்டது.
grp_playlist_deleted	இந்தப் பிளேலிச்ட் நீக்கப்பட்டது.
grp_could_not_load	ஏற்ற முடியவில்லை.
grp_collection_unavailable	தொகுப்பு கிடைக்கவில்லை
grp_playlist_unavailable	பிளேலிச்ட் கிடைக்கவில்லை
grp_nothing_in_collection_can_play	இந்தத் தொகுப்பில் இயக்கக்கூடியது எதுவும் இல்லை.
grp_nothing_in_playlist_can_play	இந்தப் பிளேலிச்ட்டில் இயக்கக்கூடியது எதுவும் இல்லை.
grp_could_not_start_playback	இயக்கத்தைத் தொடங்க முடியவில்லை.
grp_resume	தொடர்
grp_play_collection	தொகுப்பை இயக்கு
grp_play_playlist	பிளேலிச்ட்டை இயக்கு
grp_edit_collection	தொகுப்பைத் திருத்து
grp_edit_playlist	பிளேலிச்ட்டைத் திருத்து
grp_delete_collection	தொகுப்பை நீக்கு
grp_delete_playlist	பிளேலிச்ட்டை நீக்கு
grp_no_titles_yet	இன்னும் தலைப்புகள் இல்லை
grp_delete_collection_question	தொகுப்பை நீக்கவா?
grp_delete_playlist_question	பிளேலிச்ட்டை நீக்கவா?
grp_delete_group_explanation	“%1$s” உங்கள் சேவையகத்திலிருந்து அகற்றப்படும். அதிலுள்ள தலைப்புகள் வைக்கப்படும்.
grp_not_deleted	நீக்கப்படவில்லை: %1$s
grp_not_deleted_try_again	நீக்கப்படவில்லை: மீண்டும் முயலவும்
grp_not_allowed_to_change_collection	இந்தத் தொகுப்பை மாற்ற உங்கள் சேவையகக் கணக்குக்கு அனுமதி இல்லை.
grp_not_allowed_to_change_playlist	இந்தப் பிளேலிச்ட்டை மாற்ற உங்கள் சேவையகக் கணக்குக்கு அனுமதி இல்லை.
grp_collection_no_longer_exists	இந்தத் தொகுப்பு இனி இல்லை.
grp_playlist_no_longer_exists	இந்தப் பிளேலிச்ட் இனி இல்லை.
grp_not_saved	சேமிக்கப்படவில்லை: %1$s
grp_not_saved_try_again	சேமிக்கப்படவில்லை: மீண்டும் முயலவும்
grp_saving	சேமிக்கிறது…
grp_create_collection	தொகுப்பை உருவாக்கு
grp_create_playlist	பிளேலிச்ட்டை உருவாக்கு
grp_save_changes	மாற்றங்களைச் சேமி
grp_choose_at_least_one_title	குறைந்தது ஒரு தலைப்பைத் தேர்ந்தெடுக்கவும்.
grp_order	வரிசை
grp_move_up	%1$s ஐ மேலே நகர்த்து
grp_remove_member	%1$s ஐ அகற்று
grp_add_titles	தலைப்புகளைச் சேர்
grp_add_episodes_hint	பாட்காச்டின் எபிசோட் பக்கத்திலிருந்து எபிசோட்களைச் சேர்க்கவும்.
grp_add_to_playlist_or_collection	பிளேலிச்ட் அல்லது தொகுப்பில் சேர்
grp_add_to	இதில் சேர்
grp_nothing_to_add_to	இங்கே நீங்கள் சேர்க்கக்கூடியது இன்னும் எதுவும் இல்லை.
grp_added_to	%1$s இல் சேர்க்கப்பட்டது
grp_not_added	சேர்க்கப்படவில்லை: %1$s
grp_not_added_try_again	சேர்க்கப்படவில்லை: மீண்டும் முயலவும்
grp_already_included	ஏற்கனவே சேர்க்கப்பட்டுள்ளது
grp_close	மூடு
grp_titles_could_not_load	தலைப்புகளை ஏற்ற முடியவில்லை
grp_nothing_here	இங்கே எதுவும் இல்லை
pod_feed_episodes	ஊட்ட எபிசோட்கள்
pod_sort_newest_first	புதியவை முதலில், பழையவை முதலில் வர தட்டவும்
pod_sort_oldest_first	பழையவை முதலில், புதியவை முதலில் வர தட்டவும்
pod_episodes_queued:one	உங்கள் சேவையகத்தில் %1$d எபிசோட் வரிசையில் சேர்க்கப்பட்டது: %2$s
pod_episodes_queued:other	உங்கள் சேவையகத்தில் %1$d எபிசோட்கள் வரிசையில் சேர்க்கப்பட்டன: %2$s
pod_server_could_not_download	உங்கள் சேவையகத்தால் “%1$s” ஐப் பதிவிறக்க முடியவில்லை.
pod_dismiss	மூடு
pod_no_episodes_yet	இன்னும் எபிசோட்கள் இல்லை
pod_no_episodes_match_filter	இந்த வடிப்பானுடன் பொருந்தும் எபிசோட்கள் இல்லை
pod_episode_details	எபிசோட் விவரங்கள்
pod_untitled_episode	தலைப்பில்லாத எபிசோட்
pod_play_named	%1$s ஐ இயக்கு
pod_episode_not_available	எபிசோட் கிடைக்கவில்லை
pod_episode_may_have_been_removed	இது சேவையகத்திலிருந்து அகற்றப்பட்டிருக்கலாம்.
pod_percent_listened	%1$d%% கேட்கப்பட்டது
pod_feed_could_not_open	ஊட்டத்தைத் திறக்க முடியவில்லை.
pod_retry_feed	ஊட்டத்தை மீண்டும் முயல்
pod_no_feed_episodes	ஊட்டத்தில் எபிசோட்கள் எதுவும் கிடைக்கவில்லை
pod_already_on_server	ஏற்கனவே சேவையகத்தில் உள்ளது
pod_selected	தேர்ந்தெடுக்கப்பட்டது
pod_not_selected	தேர்ந்தெடுக்கப்படவில்லை
pod_no_audio_enclosure	ஆடியோ இணைப்பு இல்லை
pod_not_queued	வரிசையில் சேர்க்கப்படவில்லை: %1$s
pod_not_queued_try_again	வரிசையில் சேர்க்கப்படவில்லை: மீண்டும் முயலவும்
pod_queueing_on_server	உங்கள் சேவையகத்தில் வரிசையில் சேர்க்கிறது…
pod_add_selected_episodes	தேர்ந்தெடுத்த எபிசோட்களைச் சேவையகத்தில் சேர்
pod_something_went_wrong	ஏதோ தவறு நடந்தது.
pod_adding_not_available	பாட்காச்ட்களைச் சேர்க்க இயலாது
pod_adding_needs_permission	உங்கள் சேவையகக் கணக்குக்கு ஒரு பாட்காச்ட் நூலகத்தில் பாட்காச்ட் நிர்வாக அனுமதி தேவை.
pod_search_podcasts	பாட்காச்ட்களைத் தேடு
pod_or_rss_feed_url	அல்லது RSS ஊட்ட URL
pod_enter_complete_feed_url	முழுமையான HTTP அல்லது HTTPS ஊட்ட URL ஐ உள்ளிடவும்.
pod_preview_feed	ஊட்டத்தை முன்னோட்டமிடு
pod_create_podcast	பாட்காச்ட் உருவாக்கு
pod_choose_different_feed	வேறு ஊட்டத்தைத் தேர்ந்தெடு
item_something_went_wrong	ஏதோ தவறு நடந்தது. மீண்டும் முயலவும்.
item_feed_subscribe_at	பாட்காச்ட் பயன்பாடுகள் இந்தத் தலைப்புக்கு இந்த முகவரியில் குழுசேரலாம்:
item_copied	நகலெடுக்கப்பட்டது
item_copy_address	முகவரியை நகலெடு
item_hidden_from_directories	பாட்காச்ட் கோப்பகங்களிலிருந்து மறைக்கப்பட்டது
item_feed_public_warning	முகவரி உள்ள எவரும் உள்நுழையாமலேயே இந்தத் தலைப்பைக் கேட்கலாம்.
item_feed_name	ஊட்டத்தின் பெயர்
item_feed_name_rule	எழுத்துகள், எண்கள், - மற்றும் _ மட்டும்
item_hide_from_directories	பாட்காச்ட் கோப்பகங்களிலிருந்து மறை
item_done	முடிந்தது
item_sending	அனுப்புகிறது…
item_sent_to	%1$s க்கு அனுப்பப்பட்டது
item_send_ebook_explanation	நீங்கள் தேர்ந்தெடுக்கும் சாதனத்துக்கு உங்கள் சேவையகம் மின்புத்தகத்தை மின்னஞ்சல் செய்யும்.
item_ereader_or_ebook_gone	%1$s அல்லது இந்த மின்புத்தகம் இனி சேவையகத்தில் கிடைக்கவில்லை. எதுவும் அனுப்பப்படவில்லை.
item_not_sent_to	%1$s க்கு அனுப்பப்படவில்லை. %2$s
item_not_saved_try_again	சேமிக்கப்படவில்லை. மீண்டும் முயலவும்.
item_mark_unfinished	முடிக்கவில்லை எனக் குறி
item_discard_uncertain	இந்தத் தலைப்பின் முன்னேற்றத்தின் முந்தைய சேமிப்புக்குப் பதில் கிடைக்கவில்லை, அது இன்னும் உங்கள் சேவையகத்தை அடையக்கூடும். நிராகரிப்புக்குப் பிறகு அது வந்தால், முன்னேற்றத்தைத் திரும்பக் கொண்டுவரும். அது நடக்குமா என்பதை உங்கள் சேவையகத்தால் இந்தப் பயன்பாட்டுக்குச் சொல்ல முடியாது.
item_discard_anyway	இருந்தாலும் நிராகரி
item_discard_under_way	இந்த நிராகரிப்பு ஏற்கனவே நடைபெறுகிறது, அதைத் திரும்பப் பெற முடியாது.
item_keep_progress	முன்னேற்றத்தை வைத்திரு
item_discard_pending	முன்னேற்றம் நிராகரிக்கப்படுகிறது. உங்கள் சேவையகத்தை அணுக முடிந்து, இந்தத் தலைப்பின் கேட்டல் அனுப்பப்பட்டதும் இது முடியும்.
item_discard_anyway_question	இருந்தாலும் நிராகரிக்கவா?
item_discard_anyway_explanation	முன்னேற்றம் இப்போது அகற்றப்படும். முந்தைய சேமிப்பு பின்னர் உங்கள் சேவையகத்தை அடைந்தால், இந்தத் தலைப்பின் முன்னேற்றம் திரும்ப வரும், நீங்கள் அதை மீண்டும் நிராகரிக்கலாம்.
item_discard	நிராகரி
item_discard_progress_question	முன்னேற்றத்தை நிராகரிக்கவா?
item_discard_progress_explanation	இந்தத் தலைப்புக்கான உங்கள் நிலையும் முடிந்த நிலையும் எல்லாச் சாதனங்களுக்கும் சேவையகத்திலிருந்து அகற்றப்படும்.
item_could_not_load	இந்தத் தலைப்பை ஏற்ற முடியவில்லை
item_narrated_by	கதை சொல்பவர்
item_series	தொடர்: %1$s
item_series_with_sequence	தொடர்: %1$s #%2$s
item_episode_count:one	%1$d எபிசோட்
item_episode_count:other	%1$d எபிசோட்கள்
item_listened_and_left	%1$d%% கேட்கப்பட்டது · %2$s மீதம்
item_chapter_number	அத்தியாயம் %1$d
pl_minimize_player	பிளேயரைச் சிறிதாக்கு
pl_nothing_playing	எதுவும் இயங்கவில்லை
pl_chapter_number	அத்தியாயம் %1$d
pl_try_again	மீண்டும் முயலவும்
pl_speed_value	வேகம் %1$s
pl_sleep	உறக்கம்
pl_position_of_duration	%2$s இல் %1$s
pl_buffering	இடையகப்படுத்துகிறது
pl_previous_chapter	முந்தைய அத்தியாயம்
pl_next_chapter	அடுத்த அத்தியாயம்
pl_jump_forward_seconds:one	%1$d வினாடி முன்னோக்கித் தாவு
pl_jump_forward_seconds:other	%1$d வினாடிகள் முன்னோக்கித் தாவு
pl_jump_back_seconds:one	%1$d வினாடி பின்னோக்கித் தாவு
pl_jump_back_seconds:other	%1$d வினாடிகள் பின்னோக்கித் தாவு
pl_jump_forward_minutes:one	%1$d நிமிடம் முன்னோக்கித் தாவு
pl_jump_forward_minutes:other	%1$d நிமிடங்கள் முன்னோக்கித் தாவு
pl_jump_back_minutes:one	%1$d நிமிடம் பின்னோக்கித் தாவு
pl_jump_back_minutes:other	%1$d நிமிடங்கள் பின்னோக்கித் தாவு
pl_open_player	பிளேயரைத் திற
pl_playback_stopped	இயக்கம் நின்றது
pl_listening_unsaved	சில கேட்டல் இன்னும் இந்தச் சாதனத்தில் சேமிக்கப்படவில்லை. அது வைக்கப்பட்டு, சேமிப்பகம் அனுமதித்தவுடன் சேமிக்கப்படும்.
pl_playing	இயங்குகிறது
pl_resume	தொடர்
pl_streaming_cellular_refused	மொபைல் தரவில் ச்ட்ரீமிங் அமைப்புகளில் அணைக்கப்பட்டுள்ளது. Wi-Fi உடன் இணைக்கவும் அல்லது முதலில் இந்தத் தலைப்பைப் பதிவிறக்கவும்.
pl_stream_cellular_title	மொபைல் தரவில் ச்ட்ரீம் செய்யவா?
pl_stream_cellular_message	நீங்கள் அளவிடப்பட்ட இணைப்பில் உள்ளீர்கள். இதை அமைப்புகளில் மாற்றலாம்.
pl_not_now	இப்போது வேண்டாம்
pl_sleep_stops_end_of_chapter	இந்த அத்தியாயத்தின் முடிவில், இன்னும் %1$s இல் நிற்கும்
pl_sleep_stops_in	%1$s இல் நிற்கும்
pl_sleep_minus_minutes	−%1$d நிமி
pl_sleep_plus_minutes	+%1$d நிமி
pl_sleep_minutes	%1$d நிமி
pl_sleep_turn_off	அணை
pl_bookmark_not_saved_reason	புத்தகக்குறி சேமிக்கப்படவில்லை: %1$s
pl_bookmark_not_saved	புத்தகக்குறி சேமிக்கப்படவில்லை: மீண்டும் முயலவும்
pl_bookmark_add_at	%1$s இல் சேர்
pl_bookmark_go_to	புத்தகக்குறிக்குச் செல்
pl_bookmark_default	புத்தகக்குறி
pl_bookmark_rename_named	%1$s ஐ மறுபெயரிடு
pl_bookmark_delete_named	%1$s ஐ நீக்கு
pl_bookmark_at	%1$s இல் புத்தகக்குறி
pl_bookmark_rename	புத்தகக்குறியை மறுபெயரிடு
pl_bookmark_new	புதிய புத்தகக்குறி
pl_untitled	தலைப்பில்லாதது
pl_playback_stopped_reason	இயக்கம் நின்றது: %1$s. உங்கள் நிலை வைக்கப்பட்டுள்ளது.
pl_playback_stopped_unknown	இயக்கம் நின்றது: ஆடியோவை ஏற்ற முடியவில்லை. உங்கள் நிலை வைக்கப்பட்டுள்ளது.
pl_no_playable_audio	இந்த உருப்படியில் இயக்கக்கூடிய ஆடியோ இல்லை.
pl_could_not_start	இயக்கத்தைத் தொடங்க முடியவில்லை.
pl_listening_save_failed	இந்தச் சாதனத்தில் கேட்டலைச் சேமிக்க முடியவில்லை, எனவே இயக்கம் இடைநிறுத்தப்பட்டது. சிறிது சேமிப்பிடத்தை விடுவித்து மீண்டும் முயலவும்.
cast_casting_to	%1$s க்கு ஒளிபரப்புகிறது
cast_cast	ஒளிபரப்பு
cast_playing_on	%1$s இல் இயங்குகிறது
cast_connecting_to	%1$s உடன் இணைக்கிறது…
cast_playing_on_phone	இந்தத் தொலைபேசியில் இயங்குகிறது
cast_stop	ஒளிபரப்பை நிறுத்து
cast_looking	ஒளிபரப்புச் சாதனங்களைத் தேடுகிறது…
cast_none_found	ஒளிபரப்புச் சாதனங்கள் எதுவும் கிடைக்கவில்லை. பெறுநர் இயக்கத்தில் உள்ளதா, இந்தத் தொலைபேசி உள்ள அதே Wi-Fi பிணையத்தில் உள்ளதா எனச் சரிபார்க்கவும்.
cast_close	மூடு
cast_download_not_castable	பதிவிறக்கிய நகல்கள் இந்தத் தொலைபேசியில் மட்டுமே இயங்கும். இங்கே கேட்க ஒளிபரப்பை நிறுத்தவும், அல்லது அதற்குப் பதிலாகத் தலைப்பை ச்ட்ரீம் செய்யவும்.
cast_resumed_without_title	ஒளிபரப்பின்போது பயன்பாடு மறுதொடக்கம் ஆனதால் ஒளிபரப்பு நின்றது. இந்தத் தொலைபேசி கடைசியாகச் சேமித்த இடத்திலிருந்து தொடர்ந்து கேட்கத் தலைப்பை மீண்டும் திறக்கவும்.
cast_needs_play_services	ஒளிபரப்புக்கு Google Play சேவைகள் தேவை; இந்தச் சாதனத்தில் அவை இல்லை அல்லது புதுப்பிக்க வேண்டும்.
cast_could_not_start	இந்தச் சாதனத்தில் ஒளிபரப்பைத் தொடங்க முடியவில்லை: %1$s.
cast_connect_failed_named	%1$s உடன் இணைக்க முடியவில்லை. அது இயக்கத்தில் உள்ளதா, இந்தத் தொலைபேசி உள்ள அதே Wi-Fi பிணையத்தில் உள்ளதா எனச் சரிபார்க்கவும்.
cast_connect_failed	பெறுநருடன் இணைக்க முடியவில்லை. அது இயக்கத்தில் உள்ளதா, இந்தத் தொலைபேசி உள்ள அதே Wi-Fi பிணையத்தில் உள்ளதா எனச் சரிபார்க்கவும்.
cast_connection_lost_named	%1$s உடனான இணைப்பு துண்டிக்கப்பட்டது. இயக்கம் இந்தத் தொலைபேசியில் தொடர்கிறது.
cast_connection_lost	பெறுநருடனான இணைப்பு துண்டிக்கப்பட்டது. இயக்கம் இந்தத் தொலைபேசியில் தொடர்கிறது.
auto_continue	தொடர்
auto_recent	அண்மையவை
auto_discovery	கண்டுபிடி
auto_authors_count:one	%1$d ஆசிரியர்
auto_authors_count:other	%1$d ஆசிரியர்கள்
auto_series_count:one	%1$d தொடர்
auto_series_count:other	%1$d தொடர்கள்
lib_books_count:one	%1$d புத்தகம்
lib_books_count:other	%1$d புத்தகங்கள்
lib_items_count:one	%1$d உருப்படி
lib_items_count:other	%1$d உருப்படிகள்
lib_selected	தேர்ந்தெடுக்கப்பட்டது
lib_all_filters	அனைத்து வடிப்பான்களும்
lib_nothing_to_filter	இங்கே வடிகட்ட எதுவும் இல்லை.
lib_sort_descending_switch	இறங்குவரிசை, ஏறுவரிசைக்கு மாற்று
lib_sort_ascending_switch	ஏறுவரிசை, இறங்குவரிசைக்கு மாற்று
lib_sort_descending	இறங்குவரிசை
lib_sort_ascending	ஏறுவரிசை
lib_unavailable	நூலகம் கிடைக்கவில்லை
lib_unavailable_message	%1$s உங்கள் கணக்கும் அனுப்பப்படாத கேட்டலும் வைக்கப்பட்டுள்ளன.
lib_heading_with_total	%1$s · %2$d
lib_show_covers	அட்டைகளைக் காட்டு
lib_show_list	பட்டியலைக் காட்டு
lib_filtered	வடிகட்டப்பட்டது
lib_empty_title	இங்கே இன்னும் எதுவும் இல்லை
lib_empty_message	இந்த நூலகத்தில் நீங்கள் அணுகக்கூடிய உருப்படிகள் எதுவும் இல்லை.
lib_page_error	மேலும் தலைப்புகளை ஏற்ற முடியவில்லை
lib_card_finished	%1$s, முடிந்தது
lib_card_percent_listened	%1$s, %2$d சதவீதம் கேட்கப்பட்டது
lib_search_in	%1$s இல் தேடு
lib_search_library	நூலகத்தில் தேடு
lib_clear_search	தேடலை அழி
lib_search_failed	தேடல் தோல்வியடைந்தது
lib_search_idle_title	கேட்க ஏதாவது கண்டுபிடியுங்கள்
lib_search_idle_message	தலைப்புகள், ஆசிரியர்கள், தொடர்கள், கதை சொல்பவர்கள், எபிசோட்களைத் தேடுங்கள்.
lib_search_no_match	"%1$s" உடன் எதுவும் பொருந்தவில்லை. குறைவான சொற்களையோ வேறு எழுத்துக்கூட்டலையோ முயலவும்.
err_invalid_server	http:// அல்லது https:// இல் தொடங்கும் சேவையக முகவரியை உள்ளிடவும், எடுத்துக்காட்டாக https://books.example.com/abs.
err_unsafe_media_url	சேவையகம் இந்தச் சேவையகத்துக்கு வெளியே உள்ள மீடியா முகவரியைத் தந்தது. அது திறக்கப்படவில்லை.
err_sign_in_required	உங்கள் அமர்வு இனி ஏற்கப்படவில்லை. மீண்டும் உள்நுழையவும்; அனுப்பப்படாத கேட்டல் வைக்கப்பட்டுள்ளது.
err_untrusted	சேவையகத்தின் சான்றிதழை இந்தச் சாதனம் நம்பவில்லை. Android அமைப்புகள் > பாதுகாப்பு > குறியாக்கம் & நற்சான்றுகள் என்பதில் உங்கள் சேவையகத்தின் சான்றிதழ் அதிகாரத்தை நிறுவி, மீண்டும் முயலவும்.
err_offline	சேவையகத்தை அணுக முடியவில்லை. முகவரியையோ உங்கள் இணைப்பையோ சரிபார்த்து மீண்டும் முயலவும்.
err_forbidden	இதைச் செய்ய உங்கள் கணக்குக்கு அனுமதி இல்லை.
err_not_found	இந்த உள்ளடக்கம் இனி சேவையகத்தில் கிடைக்கவில்லை.
err_server_problem	சேவையகத்தில் தற்காலிகச் சிக்கல் ஏற்பட்டது (HTTP %1$d). மீண்டும் முயலவும்.
err_rejected	சேவையகம் கோரிக்கையை நிராகரித்தது (HTTP %1$d).
err_invalid_response	இந்தப் பயன்பாட்டால் படிக்க முடியாத பதிலைச் சேவையகம் அனுப்பியது.
err_no_audio	இந்த உருப்படியில் இயக்கக்கூடிய ஆடியோ இல்லை.
err_login_rejected	பயனர் பெயர் அல்லது கடவுச்சொல் ஏற்கப்படவில்லை.
err_publications_unreadable	பதில் கிடைக்காத முன்னேற்ற எழுதல்களின் பதிவுகளைப் படிக்க முடியவில்லை. முதலில் கண்டறிதலில் அவற்றைத் தீர்க்கவும்.
err_discards_unreadable	சேமிக்கப்பட்ட முன்னேற்ற நிராகரிப்புகளைப் படிக்க முடியவில்லை. முதலில் கண்டறிதலில் அவற்றைத் தீர்க்கவும்.
