# Simplified Chinese drafts for strings the legacy app lacks: machine-drafted, not reviewed by a native speaker.
title_accounts	帐户
title_new_collection	新建收藏
action_retry	重试
action_read	阅读 %1$s
action_mark_finished	标记为已听完
choose_library	选择媒体库
all_titles	全部作品
all_podcasts	全部播客
filter	筛选
sort	排序
theme_system	跟随系统
screen_orientation	屏幕方向
jump_forward	快进
jump_back	快退
set_settings_not_saved	无法在此设备上保存设置，因此未做任何更改。请释放一些存储空间后重试。
set_orientation_follow_device	跟随设备
set_orientation_portrait	竖屏
set_orientation_landscape	横屏
set_rewind_on_resume	恢复播放时稍微倒回
set_rewind_on_resume_detail	暂停后倒回几秒，暂停越久倒回越多。
set_seek_system_controls	从系统控件调整进度
set_seek_system_controls_detail	允许在锁屏和通知中拖动进度条。
set_mp3_index_seeking	精确 MP3 定位
set_mp3_index_seeking_detail	为时长不可靠的 MP3 文件建立定位索引。开始定位会变慢。
set_shake_to_reset	摇晃以重置
set_shake_to_reset_detail	定时器运行时摇晃手机会重新开始计时。
set_sleep_fade_out	淡出
set_sleep_fade_out_detail	在最后一分钟内降低音量。
set_vibrate_on_reset	重置时振动
set_auto_sleep_timer_detail	在 %1$s 至 %2$s 之间播放时启动定时器。
set_heading_mobile_data	移动数据
set_storage	存储
set_heading_support	支持
set_diagnostics	诊断
set_something_went_wrong	出错了。
set_statistics_unavailable	统计数据不可用
set_try_again	重试
set_minutes_listened:other	已收听 %1$d 分钟
set_days_listened:other	已收听 %1$d 天
set_titles_finished:other	已听完 %1$d 部作品
set_day_minutes_listened:other	%1$s，已收听 %2$d 分钟
set_set_aside_failed	无法搁置。请重试。
set_connection	连接
set_diagnostics_area_media	媒体
set_diagnostics_area_sync	同步
set_unreadable_resets_title	无法读取已保存的进度放弃记录
set_unreadable_resets_detail	其中可能包含任何作品，因此在你做出决定之前，不会播放任何内容，也不会发送阅读位置。搁置后，文件会保留在此设备上，原本要放弃的进度会保留在你的服务器上。
set_set_them_aside	搁置这些记录
set_listening_storage_title	无法保存应用关闭前的收听记录
set_listening_storage_detail	此设备上的存储空间不可用或已满。保存之前不会播放任何内容，也不会发送收听记录；记录会一直保留到保存为止。
set_unreadable_writes_title	无法读取未获响应的进度保存记录
set_unreadable_writes_detail	任何作品的保存仍可能到达你的服务器，因此在你做出决定之前，不会发送收听或阅读记录，也不会放弃任何进度。搁置后，文件会保留在此设备上；之后迟到的保存可能会恢复你已放弃的进度。
set_diagnostics_server	服务器 %1$s
set_diagnostics_signed_in_as	已登录为 %1$s
set_diagnostics_app_version	应用 %1$s
set_recent_problems	最近的问题
set_clear	清除
set_no_problems	此设备上没有记录任何问题。
set_unreadable_writes_confirm_title	搁置无法读取的记录？
set_unreadable_writes_confirm_detail	收听记录和阅读位置会重新发送，放弃操作也可以继续进行。
set_set_aside	搁置
set_unreadable_resets_confirm_title	搁置无法读取的放弃记录？
set_unreadable_resets_confirm_detail	作品可以重新播放，阅读位置也会重新发送。对于仍想从头开始的作品，请再次放弃进度。
set_signed_in	已登录
set_other_accounts	其他帐户
set_server_sign_in_required	%1$s · 需要登录
set_remove_account	移除 %1$s
set_switch_to_account	切换到此帐户
set_add_account	添加帐户
set_sign_out_of	退出 %1$s
set_sign_out_detail	从设备中移除此帐户。其下载内容和未发送的收听记录会保留，直到它再次登录。
set_accounts_footer	每个帐户都有各自的进度、下载内容和媒体库选择。切换时绝不会混在一起。
set_remove_account_confirm	移除 %1$s？
set_remove_account_detail	你以后可以再次添加此帐户。其下载内容和未发送的收听记录会保留在此设备上。
set_add_an_account	添加帐户
set_connect_intro	直接连接到你自己的服务器，不经过任何其他服务。
set_change_server	更换服务器
set_sign_in	登录
set_sign_in_openid	使用 OpenID 登录
set_saved_accounts	已保存的帐户
set_use_account	使用
set_edit	编辑
set_add_podcast	添加播客
set_not_available_yet	暂不可用
set_not_available_yet_detail	预览版的这一部分仍在开发中。
set_import_previous_app	从旧版应用导入
set_import_interrupted	有一次导入未完成。选择同一个导出文件即可从中断处继续。
set_import_already	此导出文件已导入过。其中的作品、收听记录和位置已在此设备上。
set_import_preflight	%1$s\n只会读取旧版应用和此文件，其中的内容不会有任何更改。作品、收听记录和位置会在帐户于此处登录后关联到该帐户。导出文件中不包含密码，因此每个帐户都需要重新登录。
set_import_account_signed_in	%1$s · 已登录
set_import_account_sign_in_later	%1$s · 导入后登录
set_import_titles	作品
set_import_title_partial	%1$s · 其余部分将重新下载
set_not_imported	未导入
set_import_space	需要 %1$s；可用 %2$s。
set_import_no_space	此设备上没有足够的可用空间。请释放一些空间，然后再次选择导出文件。
set_import_progress	正在复制文件：%1$d / %2$d。如果应用关闭，请再次选择同一个导出文件以继续。
set_import_done	已导入 %1$d 部作品、%2$d 个收听会话和 %3$d 个位置。已应用旧版应用的设置。
set_import_waiting	以 %2$s 身份登录 %1$s，即可关联其作品、收听记录和位置。
set_import	导入
set_continue	继续
set_close	关闭
set_import_file_unreadable	无法读取所选文件。请重新选择，或先将其保存到此设备。
set_import_stopped	导入在完成前停止了。没有丢失任何内容：再次选择同一个导出文件即可从中断处继续。
set_import_item_gone	它已不在服务器上，因此未被导入。
set_import_file_changed	导入后此设备上的某个文件发生了变化，因此会从服务器重新下载。
set_openid_not_enabled	此服务器未启用 OpenID 登录。请使用用户名和密码。
set_openid_canceled	浏览器登录已取消。已保存的帐户仍会保留。
set_openid_invalid	无法验证浏览器登录的响应。请重新登录，并检查服务器的 OpenID 重定向设置。
set_vault_unreadable	无法解密已保存的登录信息。它们仍保留在设备上；请重新登录以继续。
set_session_ended	你在 %1$s 的会话已结束。请重新登录；未发送的收听记录和下载内容会保留。
set_play_blocked_listening_storage	由于存储空间不可用，无法保存应用关闭前的收听记录，因此在能够保存之前不会播放任何内容。请释放一些空间后重试。
set_play_blocked_unreadable_resets	无法读取已保存的进度放弃记录，因此在“诊断”中解决之前不会播放任何内容。
set_play_blocked_discarding	此作品的进度仍在放弃中。完成后将从头开始播放。
dl_not_saved	无法在此设备上保存下载列表，因此未做任何更改。请释放一些存储空间后重试。
dl_not_allowed	你的帐户不允许下载。
dl_no_audio	此项目没有可下载的音频。
dl_no_space	在为系统保留可用存储空间的情况下，此设备没有足够的空间来存放 %1$s。
dl_folder_lost_nothing_downloaded	对 %1$s 的访问权限已被移除，因此未下载任何内容。请在设置中重新选择下载文件夹。
dl_downloading_percent	正在下载 %1$d%%
dl_cancel_download	取消下载
dl_downloaded_plays_offline	已下载 · 可离线播放
dl_failed	下载失败。
dl_discard	丢弃
dl_cellular_title	使用移动数据下载？
dl_cellular_message	你正在使用按流量计费的网络。你可以在设置中更改此项。
dl_not_now	以后再说
dl_folder_cannot_be_kept	无法将该文件夹保留用于下载。请选择其他文件夹。
dl_saved_in_folder	下载内容保存在 %1$s
dl_saved_in_app_storage	下载内容保存在应用存储中
dl_folder_visible_to_other_apps	此设备上的其他应用可以看到这些文件。更改之前下载的内容会保留在原处。
dl_folder_private_to_app	只有此应用可以看到这些文件。若要将下载内容保存在其他应用可以访问的位置，请选择一个文件夹。
dl_choose_folder	选择文件夹
dl_use_app_storage	使用应用存储
dl_ebook_missing	此设备上缺少该电子书。请重新下载后再打开。
dl_no_app_opens_format	此设备上没有可以打开 %1$s 文件的应用。请安装一个可以打开的应用后重试。
dl_no_app_opens_this_kind	此设备上没有可以打开此类文件的应用。请安装一个可以打开的应用后重试。
dl_folder_lost_choose_again_open	此下载内容位于 %1$s，但对 %1$s 的访问权限已被移除。请重新选择 %1$s 以打开它。
dl_folder_lost_choose_again_play	此下载内容位于 %1$s，但对 %1$s 的访问权限已被移除。请重新选择 %1$s 以播放它。
dl_names_or	%1$s 或 %2$s
dl_names_and	%1$s 和 %2$s
dl_remove_title	移除下载内容？
dl_remove_message	“%1$s”将从此设备中移除。你的收听进度会保留。
dl_keep	保留
dl_not_that_folder	这不是 %1$s。请选择这些下载内容所在的文件夹。
dl_folder_access_not_kept	无法保留对该文件夹的访问权限。请重试。
dl_no_downloads	没有下载内容
dl_no_downloads_message	在图书或剧集页面中下载，即可在没有网络时收听。
dl_access_removed_title	对 %1$s 的访问权限已被移除
dl_downloads_kept_there:other	那里保存着 %1$d 个下载内容。请重新选择 %2$s 以播放和打开它们。
dl_choose_again	重新选择 %1$s
dl_some_files_missing	此设备上缺少部分文件
dl_size_in_folder	%1$s，位于 %2$s
dl_open_in_another_app	在其他应用中打开 %1$s
dl_download_again_named	重新下载 %1$s
dl_the_chosen_folder	所选文件夹
dl_files_missing_play	此设备上缺少此下载内容的部分文件。请重新下载后再播放。
dl_play_named	播放 %1$s
dl_retry_named	重试 %1$s
dl_cancel_named	取消 %1$s
dl_remove_named	移除 %1$s
dl_sign_in_again	请重新登录此帐户以进行下载。
dl_folder_lost_choose_in_downloads	对 %1$s 的访问权限已被移除。请在“下载”中重新选择该文件夹。
dl_connection_interrupted	连接已中断。
dl_error_retrying	%1$s 正在重试…
dl_server_refused	服务器拒绝了下载。
dl_server_sent_type_not_audio	服务器发送的是 %1$s 而不是音频，因此未保存任何内容。请检查你的服务器或代理，然后重试。
dl_server_sent_unknown_not_audio	服务器发送的是未知响应而不是音频，因此未保存任何内容。请检查你的服务器或代理，然后重试。
dl_size_mismatch	下载的文件为 %1$d 字节，但服务器列出的大小为 %2$d，因此已将其丢弃。请重试以重新下载。
dl_server_sent_not_pdf	服务器发送的不是 PDF，因此未保存任何内容。请检查你的服务器或代理，然后重试。
rd_positions_not_restored	无法恢复已保存的阅读位置，因此不会保存页面。原始数据会保留。
rd_positions_not_overwritten	无法读取已保存的阅读位置，因此不会将其覆盖。
rd_not_a_pdf	此文件不是此设备可以打开的 PDF。
rd_document_not_opened	无法打开该文档。
rd_page_not_saved	无法在此设备上保存此页面。
rd_choice_not_saved	无法在此设备上保存你的选择。
rd_conflict_title	从哪里继续？
rd_conflict_page	另一台设备已读到第 %1$d 页，而此处的第 %2$d 页尚未保存到服务器。
rd_conflict_location	另一台设备保存了一个此阅读器无法以页面显示的阅读位置，而此处的第 %1$d 页尚未保存到服务器。
rd_go_to_page_number	转到第 %1$d 页
rd_keep_other_position	保留另一个位置
rd_stay_on_page	停留在第 %1$d 页
rd_close_reader	关闭阅读器
rd_rotate_pages	旋转页面
rd_continuous_scrolling	连续滚动
rd_document_error_title	无法打开此文档
rd_try_again	重试
rd_go_to_page	转到页面
rd_previous_page	上一页
rd_next_page	下一页
rd_page_of	第 %1$d 页，共 %2$d 页
rd_page_number	第 %1$d 页
rd_download_folder_lost	此下载内容位于 %1$s，但对 %1$s 的访问权限已被移除。请在“下载”中重新选择该文件夹。
rd_downloaded_document_missing	此设备上缺少已下载的文档。请重新下载。
rd_document_not_stored	无法存储该文档以供阅读。
rd_supplementary_pdf	补充 PDF
rd_format_not_available	此预览版暂不支持阅读 %1$s。你在服务器上的阅读位置会保留。
rd_ebook_not_available	此预览版暂不支持阅读此电子书。你在服务器上的阅读位置会保留。
grp_unavailable_title	不可用的作品
grp_could_not_load_collections	无法加载收藏。
grp_could_not_load_playlists	无法加载播放列表。
grp_collections_unavailable	收藏不可用
grp_playlists_unavailable	播放列表不可用
grp_no_collections_yet	还没有收藏
grp_no_playlists_yet	还没有播放列表
grp_create_one_hint	创建一个，即可按你自己的顺序将作品放在一起。
grp_title_count:other	%1$d 部作品
grp_collection_deleted	此收藏已被删除。
grp_playlist_deleted	此播放列表已被删除。
grp_could_not_load	无法加载。
grp_collection_unavailable	收藏不可用
grp_playlist_unavailable	播放列表不可用
grp_nothing_in_collection_can_play	此收藏中没有可播放的内容。
grp_nothing_in_playlist_can_play	此播放列表中没有可播放的内容。
grp_could_not_start_playback	无法开始播放。
grp_resume	继续播放
grp_play_collection	播放收藏
grp_play_playlist	播放播放列表
grp_edit_collection	编辑收藏
grp_edit_playlist	编辑播放列表
grp_delete_collection	删除收藏
grp_delete_playlist	删除播放列表
grp_no_titles_yet	还没有作品
grp_delete_collection_question	删除收藏？
grp_delete_playlist_question	删除播放列表？
grp_delete_group_explanation	“%1$s”将从你的服务器中删除。其中的作品会保留。
grp_not_deleted	未删除：%1$s
grp_not_deleted_try_again	未删除：请重试
grp_not_allowed_to_change_collection	你的服务器帐户无权更改此收藏。
grp_not_allowed_to_change_playlist	你的服务器帐户无权更改此播放列表。
grp_collection_no_longer_exists	此收藏已不存在。
grp_playlist_no_longer_exists	此播放列表已不存在。
grp_not_saved	未保存：%1$s
grp_not_saved_try_again	未保存：请重试
grp_saving	正在保存…
grp_create_collection	创建收藏
grp_create_playlist	创建播放列表
grp_save_changes	保存更改
grp_choose_at_least_one_title	请至少选择一部作品。
grp_order	顺序
grp_move_up	上移 %1$s
grp_remove_member	移除 %1$s
grp_add_titles	添加作品
grp_add_episodes_hint	请从播客的剧集页面添加剧集。
grp_add_to_playlist_or_collection	添加到播放列表或收藏
grp_add_to	添加到
grp_nothing_to_add_to	这里还没有可以添加到的位置。
grp_added_to	已添加到 %1$s
grp_not_added	未添加：%1$s
grp_not_added_try_again	未添加：请重试
grp_already_included	已包含
grp_close	关闭
grp_titles_could_not_load	无法加载作品
grp_nothing_here	这里什么都没有
pod_feed_episodes	源中的剧集
pod_sort_newest_first	最新在前，点按切换为最早在前
pod_sort_oldest_first	最早在前，点按切换为最新在前
pod_episodes_queued:other	已在你的服务器上将 %1$d 个剧集加入队列：%2$s
pod_server_could_not_download	你的服务器无法下载“%1$s”。
pod_dismiss	忽略
pod_no_episodes_yet	还没有剧集
pod_no_episodes_match_filter	没有符合此筛选条件的剧集
pod_episode_details	剧集详情
pod_untitled_episode	无标题剧集
pod_play_named	播放 %1$s
pod_episode_not_available	剧集不可用
pod_episode_may_have_been_removed	它可能已从服务器中删除。
pod_percent_listened	已收听 %1$d%%
pod_feed_could_not_open	无法打开该源。
pod_retry_feed	重试源
pod_no_feed_episodes	源中未找到剧集
pod_already_on_server	已在服务器上
pod_selected	已选择
pod_not_selected	未选择
pod_no_audio_enclosure	无音频附件
pod_not_queued	未加入队列：%1$s
pod_not_queued_try_again	未加入队列：请重试
pod_queueing_on_server	正在你的服务器上加入队列…
pod_add_selected_episodes	将所选剧集添加到服务器
pod_something_went_wrong	出错了。
pod_adding_not_available	无法添加播客
pod_adding_needs_permission	你的服务器帐户需要在播客媒体库中拥有播客管理权限。
pod_search_podcasts	搜索播客
pod_or_rss_feed_url	或 RSS 源 URL
pod_enter_complete_feed_url	请输入完整的 HTTP 或 HTTPS 源 URL。
pod_preview_feed	预览源
pod_create_podcast	创建播客
pod_choose_different_feed	选择其他源
item_something_went_wrong	出错了。请重试。
item_feed_subscribe_at	播客应用可通过以下地址订阅此作品：
item_copied	已复制
item_copy_address	复制地址
item_hidden_from_directories	已在播客目录中隐藏
item_feed_public_warning	任何拥有此地址的人都无需登录即可收听此作品。
item_feed_name	源名称
item_feed_name_rule	仅限字母、数字、- 和 _
item_hide_from_directories	在播客目录中隐藏
item_done	完成
item_sending	正在发送…
item_sent_to	已发送到 %1$s
item_send_ebook_explanation	你的服务器会通过电子邮件将电子书发送到你选择的设备。
item_ereader_or_ebook_gone	%1$s 或此电子书在服务器上已不可用。未发送任何内容。
item_not_sent_to	未发送到 %1$s。%2$s
item_not_saved_try_again	未保存。请重试。
item_mark_unfinished	标记为未听完
item_discard_uncertain	此作品之前的一次进度保存没有得到响应，可能仍会到达你的服务器。如果它在放弃之后到达，进度就会恢复。你的服务器无法告知此应用是否会发生这种情况。
item_discard_anyway	仍然放弃
item_discard_under_way	此放弃操作已在进行中，无法撤回。
item_keep_progress	保留进度
item_discard_pending	正在放弃进度。一旦可以连接到你的服务器并且此作品的收听记录已发送，就会完成。
item_discard_anyway_question	仍然放弃？
item_discard_anyway_explanation	进度会立即移除。如果之前的保存随后到达你的服务器，此作品的进度会恢复，你可以再次放弃。
item_discard	放弃
item_discard_progress_question	放弃进度？
item_discard_progress_explanation	此作品的位置和已听完状态将从服务器中移除，对所有设备生效。
item_could_not_load	无法加载此作品
item_narrated_by	演播者
item_series	系列：%1$s
item_series_with_sequence	系列：%1$s #%2$s
item_episode_count:other	%1$d 集
item_listened_and_left	已收听 %1$d%% · 剩余 %2$s
item_chapter_number	第 %1$d 章
pl_minimize_player	最小化播放器
pl_nothing_playing	当前没有播放内容
pl_chapter_number	第 %1$d 章
pl_try_again	重试
pl_speed_value	速度 %1$s
pl_sleep	睡眠
pl_position_of_duration	%1$s / %2$s
pl_buffering	正在缓冲
pl_previous_chapter	上一章
pl_next_chapter	下一章
pl_jump_forward_seconds:other	快进 %1$d 秒
pl_jump_back_seconds:other	快退 %1$d 秒
pl_jump_forward_minutes:other	快进 %1$d 分钟
pl_jump_back_minutes:other	快退 %1$d 分钟
pl_open_player	打开播放器
pl_playback_stopped	播放已停止
pl_listening_unsaved	部分收听记录尚未保存到此设备。这些记录会保留，并在存储空间允许时立即保存。
pl_playing	正在播放
pl_resume	继续播放
pl_streaming_cellular_refused	已在设置中关闭使用移动数据串流播放。请连接到 Wi-Fi，或先下载此作品。
pl_stream_cellular_title	使用移动数据串流播放？
pl_stream_cellular_message	你正在使用按流量计费的网络。你可以在设置中更改此项。
pl_not_now	以后再说
pl_sleep_stops_end_of_chapter	将在本章结束时停止，即 %1$s 后
pl_sleep_stops_in	%1$s 后停止
pl_sleep_minus_minutes	−%1$d 分钟
pl_sleep_plus_minutes	+%1$d 分钟
pl_sleep_minutes	%1$d 分钟
pl_sleep_turn_off	关闭
pl_bookmark_not_saved_reason	书签未保存：%1$s
pl_bookmark_not_saved	书签未保存：请重试
pl_bookmark_add_at	在 %1$s 处添加
pl_bookmark_go_to	转到书签
pl_bookmark_default	书签
pl_bookmark_rename_named	重命名 %1$s
pl_bookmark_delete_named	删除 %1$s
pl_bookmark_at	位于 %1$s 的书签
pl_bookmark_rename	重命名书签
pl_bookmark_new	新建书签
pl_untitled	无标题
pl_playback_stopped_reason	播放已停止：%1$s。你的位置已保留。
pl_playback_stopped_unknown	播放已停止：无法加载音频。你的位置已保留。
pl_no_playable_audio	此项目没有可播放的音频。
pl_could_not_start	无法开始播放。
pl_listening_save_failed	无法在此设备上保存收听记录，因此已暂停播放。请释放一些存储空间后重试。
cast_casting_to	正在投射到 %1$s
cast_cast	投射
cast_playing_on	正在 %1$s 上播放
cast_connecting_to	正在连接到 %1$s…
cast_playing_on_phone	正在此手机上播放
cast_stop	停止投射
cast_looking	正在查找投射设备…
cast_none_found	未找到投射设备。请确认接收器已开启，并与此手机连接到同一 Wi-Fi 网络。
cast_close	关闭
cast_download_not_castable	已下载的副本只能在此手机上播放。请停止投射以在此收听，或改为串流播放此作品。
cast_resumed_without_title	由于应用在投射时重新启动，投射已停止。请重新打开该作品，从此手机最后保存的位置继续收听。
cast_needs_play_services	投射需要 Google Play 服务，但此设备没有安装或需要更新。
cast_could_not_start	无法在此设备上开始投射：%1$s。
cast_connect_failed_named	无法连接到 %1$s。请确认它已开启，并与此手机连接到同一 Wi-Fi 网络。
cast_connect_failed	无法连接到接收器。请确认它已开启，并与此手机连接到同一 Wi-Fi 网络。
cast_connection_lost_named	与 %1$s 的连接已断开。将在此手机上继续播放。
cast_connection_lost	与接收器的连接已断开。将在此手机上继续播放。
auto_continue	继续
auto_recent	最近
auto_discovery	发现
auto_authors_count:other	%1$d 位作者
auto_series_count:other	%1$d 个系列
lib_books_count:other	%1$d 本书
lib_items_count:other	%1$d 个项目
lib_selected	已选择
lib_all_filters	全部筛选条件
lib_nothing_to_filter	这里没有可用的筛选条件。
lib_sort_descending_switch	降序，切换为升序
lib_sort_ascending_switch	升序，切换为降序
lib_sort_descending	降序
lib_sort_ascending	升序
lib_unavailable	媒体库不可用
lib_unavailable_message	%1$s 你的帐户和未发送的收听记录会保留。
lib_heading_with_total	%1$s · %2$d
lib_show_covers	显示封面
lib_show_list	显示列表
lib_filtered	已筛选
lib_empty_title	这里还没有内容
lib_empty_message	此媒体库中没有你可以访问的项目。
lib_page_error	无法加载更多作品
lib_card_finished	%1$s，已听完
lib_card_percent_listened	%1$s，已收听百分之 %2$d
lib_search_in	搜索 %1$s
lib_search_library	搜索媒体库
lib_clear_search	清除搜索
lib_search_failed	搜索失败
lib_search_idle_title	找点想听的内容
lib_search_idle_message	搜索标题、作者、系列、演播者和剧集。
lib_search_no_match	没有与“%1$s”匹配的结果。请尝试减少字词或换一种写法。
err_invalid_server	请输入以 http:// 或 https:// 开头的服务器地址，例如 https://books.example.com/abs。
err_unsafe_media_url	服务器返回了一个位于此服务器之外的媒体地址。该地址未被打开。
err_sign_in_required	你的会话已不再被接受。请重新登录；未发送的收听记录会保留。
err_untrusted	此设备不信任服务器的证书。请在 Android 设置 > 安全 > 加密与凭据中安装你服务器的证书颁发机构，然后重试。
err_offline	无法连接到服务器。请检查地址或网络连接，然后重试。
err_forbidden	你的帐户无权执行此操作。
err_not_found	此内容在服务器上已不可用。
err_server_problem	服务器出现临时问题（HTTP %1$d）。请重试。
err_rejected	服务器拒绝了该请求（HTTP %1$d）。
err_invalid_response	服务器发送了此应用无法读取的响应。
err_no_audio	此项目没有可播放的音频。
err_login_rejected	用户名或密码未被接受。
err_publications_unreadable	无法读取未获响应的进度写入记录。请先在“诊断”中解决。
err_discards_unreadable	无法读取已保存的进度放弃记录。请先在“诊断”中解决。
rd_publication_conflict	另一台设备保存了不同的阅读位置。请选择要保留的位置。
rd_use_saved_location	使用另一个位置
rd_keep_this_location	保留此位置
rd_location_unresolved	请选择已保存的位置
rd_location_preserved	此文档无法显示已保存的位置。在您选择保存新的阅读位置之前，原位置会被保留。
rd_start_new_location	保存新位置
rd_search_results	搜索结果
rd_font_mono	等宽
rd_saved_documents	已保存的文档
rd_available_offline	可在此设备上离线使用
