# Traditional Chinese drafts for strings the legacy app lacks: machine-drafted, not reviewed by a native speaker.
title_accounts	帳號
title_new_collection	新增收藏
action_retry	重試
action_read	閱讀 %1$s
action_mark_finished	標記為已聽完
choose_library	選擇媒體庫
all_titles	全部作品
all_podcasts	全部播客
filter	篩選
sort	排序
theme_system	跟隨系統
screen_orientation	螢幕方向
jump_forward	快進
jump_back	快退
set_settings_not_saved	無法在此裝置上儲存設定，因此未做任何變更。請釋放一些儲存空間後再試一次。
set_orientation_follow_device	跟隨裝置
set_orientation_portrait	直向
set_orientation_landscape	橫向
set_haptic_light	輕
set_rewind_on_resume	恢復播放時稍微倒回
set_rewind_on_resume_detail	暫停後倒回幾秒，暫停越久倒回越多。
set_seek_system_controls	從系統控制項調整進度
set_seek_system_controls_detail	允許在鎖定畫面和通知中拖動進度列。
set_mp3_index_seeking	精確 MP3 定位
set_mp3_index_seeking_detail	為時長不可靠的 MP3 檔案建立定位索引。開始定位會變慢。
set_shake_to_reset	搖晃以重置
set_shake_to_reset_detail	定時器運行時搖晃手機會重新開始計時。
set_sleep_fade_out	淡出
set_sleep_fade_out_detail	在最後一分鐘內降低音量。
set_vibrate_on_reset	重置時振動
set_auto_sleep_timer_detail	在 %1$s 至 %2$s 之間播放時啟動定時器。
set_heading_mobile_data	行動數據
set_storage	儲存空間
set_heading_support	支援
set_diagnostics	診斷
set_something_went_wrong	發生錯誤。
set_statistics_unavailable	統計資料無法使用
set_try_again	重試
set_minutes_listened:other	已收聽 %1$d 分鐘
set_days_listened:other	已收聽 %1$d 天
set_titles_finished:other	已聽完 %1$d 部作品
set_day_minutes_listened:other	%1$s，已收聽 %2$d 分鐘
set_set_aside_failed	無法擱置。請再試一次。
set_connection	連線
set_diagnostics_area_media	媒體
set_diagnostics_area_sync	同步
set_unreadable_resets_title	無法讀取已儲存的進度放棄記錄
set_unreadable_resets_detail	其中可能包含任何作品，因此在您做出決定之前，不會播放任何內容，也不會傳送閱讀位置。擱置後，檔案會保留在此裝置上，原本要放棄的進度會保留在您的伺服器上。
set_set_them_aside	擱置這些記錄
set_listening_storage_title	無法儲存應用程式關閉前的收聽記錄
set_listening_storage_detail	此裝置上的儲存空間無法使用或已滿。儲存之前不會播放任何內容，也不會傳送收聽記錄；記錄會一直保留到儲存為止。
set_unreadable_writes_title	無法讀取未獲回應的進度儲存記錄
set_unreadable_writes_detail	任何作品的儲存仍可能送達您的伺服器，因此在您做出決定之前，不會傳送收聽或閱讀記錄，也不會放棄任何進度。擱置後，檔案會保留在此裝置上；之後遲到的儲存可能會恢復您已放棄的進度。
set_diagnostics_server	伺服器 %1$s
set_diagnostics_signed_in_as	已登入為 %1$s
set_diagnostics_app_version	應用程式 %1$s
set_recent_problems	最近的問題
set_clear	清除
set_no_problems	此裝置上沒有記錄任何問題。
set_unreadable_writes_confirm_title	擱置無法讀取的記錄？
set_unreadable_writes_confirm_detail	收聽記錄和閱讀位置會重新傳送，放棄操作也可以繼續進行。
set_set_aside	擱置
set_unreadable_resets_confirm_title	擱置無法讀取的放棄記錄？
set_unreadable_resets_confirm_detail	作品可以重新播放，閱讀位置也會重新傳送。對於仍想從頭開始的作品，請再次放棄進度。
set_signed_in	已登入
set_other_accounts	其他帳號
set_server_sign_in_required	%1$s · 需要登入
set_remove_account	移除 %1$s
set_switch_to_account	切換到此帳號
set_add_account	新增帳號
set_sign_out_of	登出 %1$s
set_sign_out_detail	從裝置中移除此帳號。其下載內容和未傳送的收聽記錄會保留，直到它再次登入。
set_accounts_footer	每個帳號都有各自的進度、下載內容和媒體庫選擇。切換時絕不會混在一起。
set_remove_account_confirm	移除 %1$s？
set_remove_account_detail	您之後可以再次新增此帳號。其下載內容和未傳送的收聽記錄會保留在此裝置上。
set_add_an_account	新增帳號
set_connect_intro	直接連線到您自己的伺服器，不經過任何其他服務。
set_change_server	更換伺服器
set_sign_in	登入
set_sign_in_openid	使用 OpenID 登入
set_saved_accounts	已儲存的帳號
set_use_account	使用
set_edit	編輯
set_add_podcast	新增播客
set_not_available_yet	暫不可用
set_not_available_yet_detail	預覽版的這一部分仍在開發中。
set_import_previous_app	從舊版應用程式匯入
set_import_interrupted	有一次匯入未完成。選擇同一個匯出檔案即可從中斷處繼續。
set_import_already	此匯出檔案已匯入過。其中的作品、收聽記錄和位置已在此裝置上。
set_import_preflight	%1$s\n只會讀取舊版應用程式和此檔案，其中的內容不會有任何變更。作品、收聽記錄和位置會在帳號於此處登入後關聯到該帳號。匯出檔案中不包含密碼，因此每個帳號都需要重新登入。
set_import_account_signed_in	%1$s · 已登入
set_import_account_sign_in_later	%1$s · 匯入後登入
set_import_titles	作品
set_import_title_partial	%1$s · 其餘部分將重新下載
set_not_imported	未匯入
set_import_space	需要 %1$s；可用 %2$s。
set_import_no_space	此裝置上沒有足夠的可用空間。請釋放一些空間，然後再次選擇匯出檔案。
set_import_progress	正在複製檔案：%1$d / %2$d。如果應用程式關閉，請再次選擇同一個匯出檔案以繼續。
set_import_done	已匯入 %1$d 部作品、%2$d 個收聽會話和 %3$d 個位置。已套用舊版應用程式的設定。
set_import_waiting	以 %2$s 身分登入 %1$s，即可關聯其作品、收聽記錄和位置。
set_import	匯入
set_continue	繼續
set_close	關閉
set_import_file_unreadable	無法讀取所選檔案。請重新選擇，或先將其儲存到此裝置。
set_import_stopped	匯入在完成前停止了。沒有遺失任何內容：再次選擇同一個匯出檔案即可從中斷處繼續。
set_import_item_gone	它已不在伺服器上，因此未被匯入。
set_import_file_changed	匯入後此裝置上的某個檔案發生了變化，因此會從伺服器重新下載。
set_openid_not_enabled	此伺服器未啟用 OpenID 登入。請使用使用者名稱和密碼。
set_openid_canceled	瀏覽器登入已取消。已儲存的帳號仍會保留。
set_openid_invalid	無法驗證瀏覽器登入的回應。請重新登入，並檢查伺服器的 OpenID 重新導向設定。
set_vault_unreadable	無法解密已儲存的登入資訊。它們仍保留在裝置上；請重新登入以繼續。
set_session_ended	您在 %1$s 的工作階段已結束。請重新登入；未傳送的收聽記錄和下載內容會保留。
set_play_blocked_listening_storage	由於儲存空間無法使用，無法儲存應用程式關閉前的收聽記錄，因此在能夠儲存之前不會播放任何內容。請釋放一些空間後再試一次。
set_play_blocked_unreadable_resets	無法讀取已儲存的進度放棄記錄，因此在「診斷」中解決之前不會播放任何內容。
set_play_blocked_discarding	此作品的進度仍在放棄中。完成後將從頭開始播放。
dl_not_saved	無法在此裝置上儲存下載清單，因此未做任何變更。請釋放一些儲存空間後再試一次。
dl_not_allowed	您的帳號不允許下載。
dl_no_audio	此項目沒有可下載的音訊。
dl_no_space	在為系統保留可用儲存空間的情況下，此裝置沒有足夠的空間來存放 %1$s。
dl_folder_lost_nothing_downloaded	對 %1$s 的存取權限已被移除，因此未下載任何內容。請在設定中重新選擇下載資料夾。
dl_downloading_percent	正在下載 %1$d%%
dl_cancel_download	取消下載
dl_downloaded_plays_offline	已下載 · 可離線播放
dl_failed	下載失敗。
dl_discard	捨棄
dl_cellular_title	使用行動數據下載？
dl_cellular_message	您正在使用計量付費的網路。您可以在設定中變更此項。
dl_not_now	以後再說
dl_folder_cannot_be_kept	無法將該資料夾保留用於下載。請選擇其他資料夾。
dl_saved_in_folder	下載內容儲存在 %1$s
dl_saved_in_app_storage	下載內容儲存在應用程式儲存空間中
dl_folder_visible_to_other_apps	此裝置上的其他應用程式可以看到這些檔案。變更之前下載的內容會保留在原處。
dl_folder_private_to_app	只有此應用程式可以看到這些檔案。若要將下載內容儲存在其他應用程式可以存取的位置，請選擇一個資料夾。
dl_choose_folder	選擇資料夾
dl_use_app_storage	使用應用程式儲存空間
dl_ebook_missing	此裝置上缺少該電子書。請重新下載後再開啟。
dl_no_app_opens_format	此裝置上沒有可以開啟 %1$s 檔案的應用程式。請安裝一個可以開啟的應用程式後再試一次。
dl_no_app_opens_this_kind	此裝置上沒有可以開啟此類檔案的應用程式。請安裝一個可以開啟的應用程式後再試一次。
dl_folder_lost_choose_again_open	此下載內容位於 %1$s，但對 %1$s 的存取權限已被移除。請重新選擇 %1$s 以開啟它。
dl_folder_lost_choose_again_play	此下載內容位於 %1$s，但對 %1$s 的存取權限已被移除。請重新選擇 %1$s 以播放它。
dl_names_or	%1$s 或 %2$s
dl_names_and	%1$s 和 %2$s
dl_remove_title	移除下載內容？
dl_remove_message	「%1$s」將從此裝置中移除。您的收聽進度會保留。
dl_keep	保留
dl_not_that_folder	這不是 %1$s。請選擇這些下載內容所在的資料夾。
dl_folder_access_not_kept	無法保留對該資料夾的存取權限。請再試一次。
dl_no_downloads	沒有下載內容
dl_no_downloads_message	在圖書或劇集頁面中下載，即可在沒有網路時收聽。
dl_access_removed_title	對 %1$s 的存取權限已被移除
dl_downloads_kept_there:other	那裡儲存著 %1$d 個下載內容。請重新選擇 %2$s 以播放和開啟它們。
dl_choose_again	重新選擇 %1$s
dl_some_files_missing	此裝置上缺少部分檔案
dl_size_in_folder	%1$s，位於 %2$s
dl_open_in_another_app	在其他應用程式中開啟 %1$s
dl_download_again_named	重新下載 %1$s
dl_the_chosen_folder	所選資料夾
dl_files_missing_play	此裝置上缺少此下載內容的部分檔案。請重新下載後再播放。
dl_play_named	播放 %1$s
dl_retry_named	重試 %1$s
dl_cancel_named	取消 %1$s
dl_remove_named	移除 %1$s
dl_sign_in_again	請重新登入此帳號以進行下載。
dl_folder_lost_choose_in_downloads	對 %1$s 的存取權限已被移除。請在「下載」中重新選擇該資料夾。
dl_connection_interrupted	連線已中斷。
dl_error_retrying	%1$s 正在重試…
dl_server_refused	伺服器拒絕了下載。
dl_server_sent_type_not_audio	伺服器傳送的是 %1$s 而不是音訊，因此未儲存任何內容。請檢查您的伺服器或代理伺服器，然後重試。
dl_server_sent_unknown_not_audio	伺服器傳送的是未知回應而不是音訊，因此未儲存任何內容。請檢查您的伺服器或代理伺服器，然後重試。
dl_size_mismatch	下載的檔案為 %1$d 位元組，但伺服器列出的大小為 %2$d，因此已將其捨棄。請重試以重新下載。
dl_server_sent_not_pdf	伺服器傳送的不是 PDF，因此未儲存任何內容。請檢查您的伺服器或代理伺服器，然後重試。
rd_positions_not_restored	無法還原已儲存的閱讀位置，因此不會儲存頁面。原始資料會保留。
rd_positions_not_overwritten	無法讀取已儲存的閱讀位置，因此不會將其覆寫。
rd_not_a_pdf	此檔案不是此裝置可以開啟的 PDF。
rd_document_not_opened	無法開啟該文件。
rd_page_not_saved	無法在此裝置上儲存此頁面。
rd_choice_not_saved	無法在此裝置上儲存您的選擇。
rd_conflict_title	從哪裡繼續？
rd_conflict_page	另一台裝置已讀到第 %1$d 頁，而此處的第 %2$d 頁尚未儲存到伺服器。
rd_conflict_location	另一台裝置儲存了一個此閱讀器無法以頁面顯示的閱讀位置，而此處的第 %1$d 頁尚未儲存到伺服器。
rd_go_to_page_number	前往第 %1$d 頁
rd_keep_other_position	保留另一個位置
rd_stay_on_page	停留在第 %1$d 頁
rd_close_reader	關閉閱讀器
rd_rotate_pages	旋轉頁面
rd_continuous_scrolling	連續捲動
rd_document_error_title	無法開啟此文件
rd_try_again	重試
rd_go_to_page	前往頁面
rd_previous_page	上一頁
rd_next_page	下一頁
rd_page_of	第 %1$d 頁，共 %2$d 頁
rd_page_number	第 %1$d 頁
rd_download_folder_lost	此下載內容位於 %1$s，但對 %1$s 的存取權限已被移除。請在「下載」中重新選擇該資料夾。
rd_downloaded_document_missing	此裝置上缺少已下載的文件。請重新下載。
rd_document_not_stored	無法儲存該文件以供閱讀。
rd_supplementary_pdf	補充 PDF
rd_format_not_available	此預覽版暫不支援閱讀 %1$s。您在伺服器上的閱讀位置會保留。
rd_ebook_not_available	此預覽版暫不支援閱讀此電子書。您在伺服器上的閱讀位置會保留。
grp_unavailable_title	無法使用的作品
grp_could_not_load_collections	無法載入收藏。
grp_could_not_load_playlists	無法載入播放列表。
grp_collections_unavailable	收藏無法使用
grp_playlists_unavailable	播放列表無法使用
grp_no_collections_yet	還沒有收藏
grp_no_playlists_yet	還沒有播放列表
grp_create_one_hint	建立一個，即可按您自己的順序將作品放在一起。
grp_title_count:other	%1$d 部作品
grp_collection_deleted	此收藏已被刪除。
grp_playlist_deleted	此播放列表已被刪除。
grp_could_not_load	無法載入。
grp_collection_unavailable	收藏無法使用
grp_playlist_unavailable	播放列表無法使用
grp_nothing_in_collection_can_play	此收藏中沒有可播放的內容。
grp_nothing_in_playlist_can_play	此播放列表中沒有可播放的內容。
grp_could_not_start_playback	無法開始播放。
grp_resume	繼續播放
grp_play_collection	播放收藏
grp_play_playlist	播放播放列表
grp_edit_collection	編輯收藏
grp_edit_playlist	編輯播放列表
grp_delete_collection	刪除收藏
grp_delete_playlist	刪除播放列表
grp_no_titles_yet	還沒有作品
grp_delete_collection_question	刪除收藏？
grp_delete_playlist_question	刪除播放列表？
grp_delete_group_explanation	「%1$s」將從您的伺服器中刪除。其中的作品會保留。
grp_not_deleted	未刪除：%1$s
grp_not_deleted_try_again	未刪除：請再試一次
grp_not_allowed_to_change_collection	您的伺服器帳號無權變更此收藏。
grp_not_allowed_to_change_playlist	您的伺服器帳號無權變更此播放列表。
grp_collection_no_longer_exists	此收藏已不存在。
grp_playlist_no_longer_exists	此播放列表已不存在。
grp_not_saved	未儲存：%1$s
grp_not_saved_try_again	未儲存：請再試一次
grp_saving	正在儲存…
grp_create_collection	建立收藏
grp_create_playlist	建立播放列表
grp_save_changes	儲存變更
grp_choose_at_least_one_title	請至少選擇一部作品。
grp_order	順序
grp_move_up	上移 %1$s
grp_remove_member	移除 %1$s
grp_add_titles	新增作品
grp_add_episodes_hint	請從播客的劇集頁面新增劇集。
grp_add_to_playlist_or_collection	新增到播放列表或收藏
grp_add_to	新增到
grp_nothing_to_add_to	這裡還沒有可以新增到的位置。
grp_added_to	已新增到 %1$s
grp_not_added	未新增：%1$s
grp_not_added_try_again	未新增：請再試一次
grp_already_included	已包含
grp_close	關閉
grp_titles_could_not_load	無法載入作品
grp_nothing_here	這裡什麼都沒有
pod_feed_episodes	源中的劇集
pod_sort_newest_first	最新在前，點按切換為最早在前
pod_sort_oldest_first	最早在前，點按切換為最新在前
pod_episodes_queued:other	已在您的伺服器上將 %1$d 個劇集加入佇列：%2$s
pod_server_could_not_download	您的伺服器無法下載「%1$s」。
pod_dismiss	忽略
pod_no_episodes_yet	還沒有劇集
pod_no_episodes_match_filter	沒有符合此篩選條件的劇集
pod_episode_details	劇集詳情
pod_untitled_episode	無標題劇集
pod_play_named	播放 %1$s
pod_episode_not_available	劇集無法使用
pod_episode_may_have_been_removed	它可能已從伺服器中刪除。
pod_percent_listened	已收聽 %1$d%%
pod_feed_could_not_open	無法開啟該源。
pod_retry_feed	重試源
pod_no_feed_episodes	源中未找到劇集
pod_already_on_server	已在伺服器上
pod_selected	已選擇
pod_not_selected	未選擇
pod_no_audio_enclosure	無音訊附件
pod_not_queued	未加入佇列：%1$s
pod_not_queued_try_again	未加入佇列：請再試一次
pod_queueing_on_server	正在您的伺服器上加入佇列…
pod_add_selected_episodes	將所選劇集新增到伺服器
pod_something_went_wrong	發生錯誤。
pod_adding_not_available	無法新增播客
pod_adding_needs_permission	您的伺服器帳號需要在播客媒體庫中擁有播客管理權限。
pod_search_podcasts	搜尋播客
pod_or_rss_feed_url	或 RSS 源網址
pod_enter_complete_feed_url	請輸入完整的 HTTP 或 HTTPS 源網址。
pod_preview_feed	預覽源
pod_create_podcast	建立播客
pod_choose_different_feed	選擇其他源
item_something_went_wrong	發生錯誤。請再試一次。
item_feed_subscribe_at	播客應用程式可透過以下網址訂閱此作品：
item_copied	已複製
item_copy_address	複製網址
item_hidden_from_directories	已在播客目錄中隱藏
item_feed_public_warning	任何擁有此網址的人都無需登入即可收聽此作品。
item_feed_name	源名稱
item_feed_name_rule	僅限字母、數字、- 和 _
item_hide_from_directories	在播客目錄中隱藏
item_done	完成
item_sending	正在傳送…
item_sent_to	已傳送到 %1$s
item_send_ebook_explanation	您的伺服器會透過電子郵件將電子書傳送到您選擇的裝置。
item_ereader_or_ebook_gone	%1$s 或此電子書在伺服器上已無法使用。未傳送任何內容。
item_not_sent_to	未傳送到 %1$s。%2$s
item_not_saved_try_again	未儲存。請再試一次。
item_mark_unfinished	標記為未聽完
item_discard_uncertain	此作品之前的一次進度儲存沒有得到回應，可能仍會送達您的伺服器。如果它在放棄之後送達，進度就會恢復。您的伺服器無法告知此應用程式是否會發生這種情況。
item_discard_anyway	仍然放棄
item_discard_under_way	此放棄操作已在進行中，無法撤回。
item_keep_progress	保留進度
item_discard_pending	正在放棄進度。一旦可以連線到您的伺服器並且此作品的收聽記錄已傳送，就會完成。
item_discard_anyway_question	仍然放棄？
item_discard_anyway_explanation	進度會立即移除。如果之前的儲存隨後送達您的伺服器，此作品的進度會恢復，您可以再次放棄。
item_discard	放棄
item_discard_progress_question	放棄進度？
item_discard_progress_explanation	此作品的位置和已聽完狀態將從伺服器中移除，對所有裝置生效。
item_could_not_load	無法載入此作品
item_narrated_by	講述者
item_series	系列：%1$s
item_series_with_sequence	系列：%1$s #%2$s
item_episode_count:other	%1$d 集
item_listened_and_left	已收聽 %1$d%% · 剩餘 %2$s
item_chapter_number	第 %1$d 章
pl_minimize_player	最小化播放器
pl_nothing_playing	目前沒有播放內容
pl_chapter_number	第 %1$d 章
pl_try_again	重試
pl_speed_value	速度 %1$s
pl_sleep	睡眠
pl_position_of_duration	%1$s / %2$s
pl_buffering	正在緩衝
pl_previous_chapter	上一章
pl_next_chapter	下一章
pl_jump_forward_seconds:other	快進 %1$d 秒
pl_jump_back_seconds:other	快退 %1$d 秒
pl_jump_forward_minutes:other	快進 %1$d 分鐘
pl_jump_back_minutes:other	快退 %1$d 分鐘
pl_open_player	開啟播放器
pl_playback_stopped	播放已停止
pl_listening_unsaved	部分收聽記錄尚未儲存到此裝置。這些記錄會保留，並在儲存空間允許時立即儲存。
pl_playing	正在播放
pl_resume	繼續播放
pl_streaming_cellular_refused	已在設定中關閉使用行動數據串流播放。請連線到 Wi-Fi，或先下載此作品。
pl_stream_cellular_title	使用行動數據串流播放？
pl_stream_cellular_message	您正在使用計量付費的網路。您可以在設定中變更此項。
pl_not_now	以後再說
pl_sleep_stops_end_of_chapter	將在本章結束時停止，即 %1$s 後
pl_sleep_stops_in	%1$s 後停止
pl_sleep_minus_minutes	−%1$d 分鐘
pl_sleep_plus_minutes	+%1$d 分鐘
pl_sleep_minutes	%1$d 分鐘
pl_sleep_turn_off	關閉
pl_bookmark_not_saved_reason	書籤未儲存：%1$s
pl_bookmark_not_saved	書籤未儲存：請再試一次
pl_bookmark_add_at	在 %1$s 處新增
pl_bookmark_go_to	前往書籤
pl_bookmark_default	書籤
pl_bookmark_rename_named	重新命名 %1$s
pl_bookmark_delete_named	刪除 %1$s
pl_bookmark_at	位於 %1$s 的書籤
pl_bookmark_rename	重新命名書籤
pl_bookmark_new	新增書籤
pl_untitled	無標題
pl_playback_stopped_reason	播放已停止：%1$s。您的位置已保留。
pl_playback_stopped_unknown	播放已停止：無法載入音訊。您的位置已保留。
pl_no_playable_audio	此項目沒有可播放的音訊。
pl_could_not_start	無法開始播放。
pl_listening_save_failed	無法在此裝置上儲存收聽記錄，因此已暫停播放。請釋放一些儲存空間後再試一次。
cast_casting_to	正在投放到 %1$s
cast_cast	投放
cast_playing_on	正在 %1$s 上播放
cast_connecting_to	正在連線到 %1$s…
cast_playing_on_phone	正在此手機上播放
cast_stop	停止投放
cast_looking	正在尋找投放裝置…
cast_none_found	找不到投放裝置。請確認接收器已開啟，並與此手機連線到同一個 Wi-Fi 網路。
cast_close	關閉
cast_download_not_castable	已下載的副本只能在此手機上播放。請停止投放以在此收聽，或改為串流播放此作品。
cast_resumed_without_title	由於應用程式在投放時重新啟動，投放已停止。請重新開啟該作品，從此手機最後儲存的位置繼續收聽。
cast_needs_play_services	投放需要 Google Play 服務，但此裝置沒有安裝或需要更新。
cast_could_not_start	無法在此裝置上開始投放：%1$s。
cast_connect_failed_named	無法連線到 %1$s。請確認它已開啟，並與此手機連線到同一個 Wi-Fi 網路。
cast_connect_failed	無法連線到接收器。請確認它已開啟，並與此手機連線到同一個 Wi-Fi 網路。
cast_connection_lost_named	與 %1$s 的連線已中斷。將在此手機上繼續播放。
cast_connection_lost	與接收器的連線已中斷。將在此手機上繼續播放。
auto_continue	繼續
auto_recent	最近
auto_discovery	發現
auto_authors_count:other	%1$d 位作者
auto_series_count:other	%1$d 個系列
lib_books_count:other	%1$d 本書
lib_items_count:other	%1$d 個項目
lib_selected	已選擇
lib_all_filters	全部篩選條件
lib_nothing_to_filter	這裡沒有可用的篩選條件。
lib_sort_descending_switch	降序，切換為升序
lib_sort_ascending_switch	升序，切換為降序
lib_sort_descending	降序
lib_sort_ascending	升序
lib_unavailable	媒體庫無法使用
lib_unavailable_message	%1$s 您的帳號和未傳送的收聽記錄會保留。
lib_heading_with_total	%1$s · %2$d
lib_show_covers	顯示封面
lib_show_list	顯示清單
lib_filtered	已篩選
lib_empty_title	這裡還沒有內容
lib_empty_message	此媒體庫中沒有您可以存取的項目。
lib_page_error	無法載入更多作品
lib_card_finished	%1$s，已聽完
lib_card_percent_listened	%1$s，已收聽百分之 %2$d
lib_search_in	搜尋 %1$s
lib_search_library	搜尋媒體庫
lib_clear_search	清除搜尋
lib_search_failed	搜尋失敗
lib_search_idle_title	找點想聽的內容
lib_search_idle_message	搜尋標題、作者、系列、講述者和劇集。
lib_search_no_match	沒有與「%1$s」相符的結果。請嘗試減少字詞或換一種寫法。
err_invalid_server	請輸入以 http:// 或 https:// 開頭的伺服器地址，例如 https://books.example.com/abs。
err_unsafe_media_url	伺服器傳回了一個位於此伺服器之外的媒體網址。該網址未被開啟。
err_sign_in_required	您的工作階段已不再被接受。請重新登入；未傳送的收聽記錄會保留。
err_untrusted	此裝置不信任伺服器的憑證。請在 Android 設定 > 安全性 > 加密和憑證中安裝您伺服器的憑證授權單位，然後再試一次。
err_offline	無法連線到伺服器。請檢查地址或網路連線，然後再試一次。
err_forbidden	您的帳號無權執行此操作。
err_not_found	此內容在伺服器上已無法使用。
err_server_problem	伺服器發生暫時性問題（HTTP %1$d）。請再試一次。
err_rejected	伺服器拒絕了該請求（HTTP %1$d）。
err_invalid_response	伺服器傳送了此應用程式無法讀取的回應。
err_no_audio	此項目沒有可播放的音訊。
err_login_rejected	使用者名稱或密碼未被接受。
err_publications_unreadable	無法讀取未獲回應的進度寫入記錄。請先在「診斷」中解決。
err_discards_unreadable	無法讀取已儲存的進度放棄記錄。請先在「診斷」中解決。
rd_publication_conflict	另一台裝置儲存了不同的閱讀位置。請選擇要保留的位置。
rd_use_saved_location	使用另一個位置
rd_keep_this_location	保留此位置
rd_location_unresolved	請選擇已儲存的位置
rd_location_preserved	此文件無法顯示已儲存的位置。在您選擇儲存新的閱讀位置之前，原位置會被保留。
rd_start_new_location	儲存新位置
rd_search_results	搜尋結果
rd_font_mono	等寬
rd_saved_documents	已儲存的文件
rd_available_offline	可在此裝置上離線使用
